Id,ActivityDate,TotalSteps,TotalDistance,TrackerDistance,LoggedActivitiesDistance,VeryActiveDistance,ModeratelyActiveDistance,LightActiveDistance,SedentaryActiveDistance,VeryActiveMinutes,FairlyActiveMinutes,LightlyActiveMinutes,SedentaryMinutes,Calories,ActivityDay,Calories_calories,ActivityDay_intensity,SedentaryMinutes_intensity,LightlyActiveMinutes_intensity,FairlyActiveMinutes_intensity,VeryActiveMinutes_intensity,SedentaryActiveDistance_intensity,LightActiveDistance_intensity,ModeratelyActiveDistance_intensity,VeryActiveDistance_intensity,ActivityDay_steps,StepTotal,AvgHeartRate,MaxHeartRate,MinHeartRate
1503960366,2016-04-12,13162,8.5,8.5,0.0,1.87999999523163,0.550000011920929,6.05999994277954,0.0,25,13,328,728,1985,2016-04-12,1985,2016-04-12,728,328,13,25,0.0,6.05999994277954,0.550000011920929,1.87999999523163,2016-04-12,13162,,,
1503960366,2016-04-13,10735,6.96999979019165,6.96999979019165,0.0,1.57000005245209,0.689999997615814,4.71000003814697,0.0,21,19,217,776,1797,2016-04-13,1797,2016-04-13,776,217,19,21,0.0,4.71000003814697,0.689999997615814,1.57000005245209,2016-04-13,10735,,,
1503960366,2016-04-14,10460,6.73999977111816,6.73999977111816,0.0,2.44000005722046,0.400000005960464,3.91000008583069,0.0,30,11,181,1218,1776,2016-04-14,1776,2016-04-14,1218,181,11,30,0.0,3.91000008583069,0.400000005960464,2.44000005722046,2016-04-14,10460,,,
1503960366,2016-04-15,9762,6.28000020980835,6.28000020980835,0.0,2.14000010490417,1.25999999046326,2.82999992370605,0.0,29,34,209,726,1745,2016-04-15,1745,2016-04-15,726,209,34,29,0.0,2.82999992370605,1.25999999046326,2.14000010490417,2016-04-15,9762,,,
1503960366,2016-04-16,12669,8.15999984741211,8.15999984741211,0.0,2.71000003814697,0.409999996423721,5.03999996185303,0.0,36,10,221,773,1863,2016-04-16,1863,2016-04-16,773,221,10,36,0.0,5.03999996185303,0.409999996423721,2.71000003814697,2016-04-16,12669,,,
1503960366,2016-04-17,9705,6.48000001907349,6.48000001907349,0.0,3.19000005722046,0.779999971389771,2.50999999046326,0.0,38,20,164,539,1728,2016-04-17,1728,2016-04-17,539,164,20,38,0.0,2.50999999046326,0.779999971389771,3.19000005722046,2016-04-17,9705,,,
1503960366,2016-04-18,13019,8.59000015258789,8.59000015258789,0.0,3.25,0.639999985694885,4.71000003814697,0.0,42,16,233,1149,1921,2016-04-18,1921,2016-04-18,1149,233,16,42,0.0,4.71000003814697,0.639999985694885,3.25,2016-04-18,13019,,,
1503960366,2016-04-19,15506,9.88000011444092,9.88000011444092,0.0,3.52999997138977,1.32000005245209,5.03000020980835,0.0,50,31,264,775,2035,2016-04-19,2035,2016-04-19,775,264,31,50,0.0,5.03000020980835,1.32000005245209,3.52999997138977,2016-04-19,15506,,,
1503960366,2016-04-20,10544,6.67999982833862,6.67999982833862,0.0,1.96000003814697,0.479999989271164,4.23999977111816,0.0,28,12,205,818,1786,2016-04-20,1786,2016-04-20,818,205,12,28,0.0,4.23999977111816,0.479999989271164,1.96000003814697,2016-04-20,10544,,,
1503960366,2016-04-21,9819,6.34000015258789,6.34000015258789,0.0,1.3400000333786,0.349999994039536,4.65000009536743,0.0,19,8,211,838,1775,2016-04-21,1775,2016-04-21,838,211,8,19,0.0,4.65000009536743,0.349999994039536,1.3400000333786,2016-04-21,9819,,,
1503960366,2016-04-22,12764,8.13000011444092,8.13000011444092,0.0,4.76000022888184,1.12000000476837,2.24000000953674,0.0,66,27,130,1217,1827,2016-04-22,1827,2016-04-22,1217,130,27,66,0.0,2.24000000953674,1.12000000476837,4.76000022888184,2016-04-22,12764,,,
1503960366,2016-04-23,14371,9.03999996185303,9.03999996185303,0.0,2.80999994277954,0.870000004768372,5.3600001335144,0.0,41,21,262,732,1949,2016-04-23,1949,2016-04-23,732,262,21,41,0.0,5.3600001335144,0.870000004768372,2.80999994277954,2016-04-23,14371,,,
1503960366,2016-04-24,10039,6.40999984741211,6.40999984741211,0.0,2.92000007629395,0.209999993443489,3.27999997138977,0.0,39,5,238,709,1788,2016-04-24,1788,2016-04-24,709,238,5,39,0.0,3.27999997138977,0.209999993443489,2.92000007629395,2016-04-24,10039,,,
1503960366,2016-04-25,15355,9.80000019073486,9.80000019073486,0.0,5.28999996185303,0.569999992847443,3.94000005722046,0.0,73,14,216,814,2013,2016-04-25,2013,2016-04-25,814,216,14,73,0.0,3.94000005722046,0.569999992847443,5.28999996185303,2016-04-25,15355,,,
1503960366,2016-04-26,13755,8.78999996185303,8.78999996185303,0.0,2.32999992370605,0.920000016689301,5.53999996185303,0.0,31,23,279,833,1970,2016-04-26,1970,2016-04-26,833,279,23,31,0.0,5.53999996185303,0.920000016689301,2.32999992370605,2016-04-26,13755,,,
1503960366,2016-04-27,18134,12.210000038147,12.210000038147,0.0,6.40000009536743,0.409999996423721,5.40999984741211,0.0,78,11,243,1108,2159,2016-04-27,2159,2016-04-27,1108,243,11,78,0.0,5.40999984741211,0.409999996423721,6.40000009536743,2016-04-27,18134,,,
1503960366,2016-04-28,13154,8.52999973297119,8.52999973297119,0.0,3.53999996185303,1.1599999666214,3.78999996185303,0.0,48,28,189,782,1898,2016-04-28,1898,2016-04-28,782,189,28,48,0.0,3.78999996185303,1.1599999666214,3.53999996185303,2016-04-28,13154,,,
1503960366,2016-04-29,11181,7.15000009536743,7.15000009536743,0.0,1.05999994277954,0.5,5.57999992370605,0.0,16,12,243,815,1837,2016-04-29,1837,2016-04-29,815,243,12,16,0.0,5.57999992370605,0.5,1.05999994277954,2016-04-29,11181,,,
1503960366,2016-04-30,14673,9.25,9.25,0.0,3.55999994277954,1.41999995708466,4.26999998092651,0.0,52,34,217,712,1947,2016-04-30,1947,2016-04-30,712,217,34,52,0.0,4.26999998092651,1.41999995708466,3.55999994277954,2016-04-30,14673,,,
1503960366,2016-05-01,10602,6.80999994277954,6.80999994277954,0.0,2.28999996185303,1.60000002384186,2.92000007629395,0.0,33,35,246,730,1820,2016-05-01,1820,2016-05-01,730,246,35,33,0.0,2.92000007629395,1.60000002384186,2.28999996185303,2016-05-01,10602,,,
1503960366,2016-05-02,14727,9.71000003814697,9.71000003814697,0.0,3.21000003814697,0.569999992847443,5.92000007629395,0.0,41,15,277,798,2004,2016-05-02,2004,2016-05-02,798,277,15,41,0.0,5.92000007629395,0.569999992847443,3.21000003814697,2016-05-02,14727,,,
1503960366,2016-05-03,15103,9.65999984741211,9.65999984741211,0.0,3.73000001907349,1.04999995231628,4.88000011444092,0.0,50,24,254,816,1990,2016-05-03,1990,2016-05-03,816,254,24,50,0.0,4.88000011444092,1.04999995231628,3.73000001907349,2016-05-03,15103,,,
1503960366,2016-05-04,11100,7.15000009536743,7.15000009536743,0.0,2.46000003814697,0.870000004768372,3.8199999332428,0.0,36,22,203,1179,1819,2016-05-04,1819,2016-05-04,1179,203,22,36,0.0,3.8199999332428,0.870000004768372,2.46000003814697,2016-05-04,11100,,,
1503960366,2016-05-05,14070,8.89999961853027,8.89999961853027,0.0,2.92000007629395,1.08000004291534,4.88000011444092,0.0,45,24,250,857,1959,2016-05-05,1959,2016-05-05,857,250,24,45,0.0,4.88000011444092,1.08000004291534,2.92000007629395,2016-05-05,14070,,,
1503960366,2016-05-06,12159,8.02999973297119,8.02999973297119,0.0,1.97000002861023,0.25,5.80999994277954,0.0,24,6,289,754,1896,2016-05-06,1896,2016-05-06,754,289,6,24,0.0,5.80999994277954,0.25,1.97000002861023,2016-05-06,12159,,,
1503960366,2016-05-07,11992,7.71000003814697,7.71000003814697,0.0,2.46000003814697,2.11999988555908,3.13000011444092,0.0,37,46,175,833,1821,2016-05-07,1821,2016-05-07,833,175,46,37,0.0,3.13000011444092,2.11999988555908,2.46000003814697,2016-05-07,11992,,,
1503960366,2016-05-08,10060,6.57999992370605,6.57999992370605,0.0,3.52999997138977,0.319999992847443,2.73000001907349,0.0,44,8,203,574,1740,2016-05-08,1740,2016-05-08,574,203,8,44,0.0,2.73000001907349,0.319999992847443,3.52999997138977,2016-05-08,10060,,,
1503960366,2016-05-09,12022,7.71999979019165,7.71999979019165,0.0,3.45000004768372,0.529999971389771,3.74000000953674,0.0,46,11,206,835,1819,2016-05-09,1819,2016-05-09,835,206,11,46,0.0,3.74000000953674,0.529999971389771,3.45000004768372,2016-05-09,12022,,,
1503960366,2016-05-10,12207,7.76999998092651,7.76999998092651,0.0,3.34999990463257,1.1599999666214,3.25999999046326,0.0,46,31,214,746,1859,2016-05-10,1859,2016-05-10,746,214,31,46,0.0,3.25999999046326,1.1599999666214,3.34999990463257,2016-05-10,12207,,,
1503960366,2016-05-11,12770,8.13000011444092,8.13000011444092,0.0,2.55999994277954,1.00999999046326,4.55000019073486,0.0,36,23,251,669,1783,2016-05-11,1783,2016-05-11,669,251,23,36,0.0,4.55000019073486,1.00999999046326,2.55999994277954,2016-05-11,12770,,,
1503960366,2016-05-12,0,0.0,0.0,0.0,0.0,0.0,0.0,0.0,0,0,0,1440,0,2016-05-12,0,2016-05-12,1440,0,0,0,0.0,0.0,0.0,0.0,2016-05-12,0,,,
1624580081,2016-04-12,8163,5.30999994277954,5.30999994277954,0.0,0.0,0.0,5.30999994277954,0.0,0,0,146,1294,1432,2016-04-12,1432,2016-04-12,1294,146,0,0,0.0,5.30999994277954,0.0,0.0,2016-04-12,8163,,,
1624580081,2016-04-13,7007,4.55000019073486,4.55000019073486,0.0,0.0,0.0,4.55000019073486,0.0,0,0,148,1292,1411,2016-04-13,1411,2016-04-13,1292,148,0,0,0.0,4.55000019073486,0.0,0.0,2016-04-13,7007,,,
1624580081,2016-04-14,9107,5.92000007629395,5.92000007629395,0.0,0.0,0.0,5.90999984741211,0.0099999997764825,0,0,236,1204,1572,2016-04-14,1572,2016-04-14,1204,236,0,0,0.0099999997764825,5.90999984741211,0.0,0.0,2016-04-14,9107,,,
1624580081,2016-04-15,1510,0.980000019073486,0.980000019073486,0.0,0.0,0.0,0.970000028610229,0.0,0,0,96,1344,1344,2016-04-15,1344,2016-04-15,1344,96,0,0,0.0,0.970000028610229,0.0,0.0,2016-04-15,1510,,,
1624580081,2016-04-16,5370,3.49000000953674,3.49000000953674,0.0,0.0,0.0,3.49000000953674,0.0,0,0,176,1264,1463,2016-04-16,1463,2016-04-16,1264,176,0,0,0.0,3.49000000953674,0.0,0.0,2016-04-16,5370,,,
1624580081,2016-04-17,6175,4.05999994277954,4.05999994277954,0.0,1.02999997138977,1.51999998092651,1.49000000953674,0.0099999997764825,15,22,127,1276,1554,2016-04-17,1554,2016-04-17,1276,127,22,15,0.0099999997764825,1.49000000953674,1.51999998092651,1.02999997138977,2016-04-17,6175,,,
1624580081,2016-04-18,10536,7.40999984741211,7.40999984741211,0.0,2.15000009536743,0.620000004768372,4.61999988555908,0.0099999997764825,17,7,202,1214,1604,2016-04-18,1604,2016-04-18,1214,202,7,17,0.0099999997764825,4.61999988555908,0.620000004768372,2.15000009536743,2016-04-18,10536,,,
1624580081,2016-04-19,2916,1.89999997615814,1.89999997615814,0.0,0.0,0.0,1.89999997615814,0.0,0,0,141,1299,1435,2016-04-19,1435,2016-04-19,1299,141,0,0,0.0,1.89999997615814,0.0,0.0,2016-04-19,2916,,,
1624580081,2016-04-20,4974,3.23000001907349,3.23000001907349,0.0,0.0,0.0,3.23000001907349,0.0,0,0,151,1289,1446,2016-04-20,1446,2016-04-20,1289,151,0,0,0.0,3.23000001907349,0.0,0.0,2016-04-20,4974,,,
1624580081,2016-04-21,6349,4.13000011444092,4.13000011444092,0.0,0.0,0.0,4.1100001335144,0.0199999995529652,0,0,186,1254,1467,2016-04-21,1467,2016-04-21,1254,186,0,0,0.0199999995529652,4.1100001335144,0.0,0.0,2016-04-21,6349,,,
1624580081,2016-04-22,4026,2.61999988555908,2.61999988555908,0.0,0.0,0.0,2.59999990463257,0.0,0,0,199,1241,1470,2016-04-22,1470,2016-04-22,1241,199,0,0,0.0,2.59999990463257,0.0,0.0,2016-04-22,4026,,,
1624580081,2016-04-23,8538,5.55000019073486,5.55000019073486,0.0,0.0,0.0,5.53999996185303,0.0099999997764825,0,0,227,1213,1562,2016-04-23,1562,2016-04-23,1213,227,0,0,0.0099999997764825,5.53999996185303,0.0,0.0,2016-04-23,8538,,,
1624580081,2016-04-24,6076,3.95000004768372,3.95000004768372,0.0,1.14999997615814,0.910000026226044,1.88999998569489,0.0,16,18,185,1221,1617,2016-04-24,1617,2016-04-24,1221,185,18,16,0.0,1.88999998569489,0.910000026226044,1.14999997615814,2016-04-24,6076,,,
1624580081,2016-04-25,6497,4.21999979019165,4.21999979019165,0.0,0.0,0.0,4.19999980926514,0.0199999995529652,0,0,202,1238,1492,2016-04-25,1492,2016-04-25,1238,202,0,0,0.0199999995529652,4.19999980926514,0.0,0.0,2016-04-25,6497,,,
1624580081,2016-04-26,2826,1.8400000333786,1.8400000333786,0.0,0.0,0.0,1.83000004291534,0.0099999997764825,0,0,140,1300,1402,2016-04-26,1402,2016-04-26,1300,140,0,0,0.0099999997764825,1.83000004291534,0.0,0.0,2016-04-26,2826,,,
1624580081,2016-04-27,8367,5.44000005722046,5.44000005722046,0.0,1.11000001430511,1.87000000476837,2.46000003814697,0.0,17,36,154,1233,1670,2016-04-27,1670,2016-04-27,1233,154,36,17,0.0,2.46000003814697,1.87000000476837,1.11000001430511,2016-04-27,8367,,,
1624580081,2016-04-28,2759,1.78999996185303,1.78999996185303,0.0,0.0,0.200000002980232,1.60000002384186,0.0,0,5,115,1320,1401,2016-04-28,1401,2016-04-28,1320,115,5,0,0.0,1.60000002384186,0.200000002980232,0.0,2016-04-28,2759,,,
1624580081,2016-04-29,2390,1.54999995231628,1.54999995231628,0.0,0.0,0.0,1.54999995231628,0.0,0,0,150,1290,1404,2016-04-29,1404,2016-04-29,1290,150,0,0,0.0,1.54999995231628,0.0,0.0,2016-04-29,2390,,,
1624580081,2016-04-30,6474,4.30000019073486,4.30000019073486,0.0,0.899999976158142,1.27999997138977,2.11999988555908,0.0099999997764825,11,23,224,1182,1655,2016-04-30,1655,2016-04-30,1182,224,23,11,0.0099999997764825,2.11999988555908,1.27999997138977,0.899999976158142,2016-04-30,6474,,,
1624580081,2016-05-01,36019,28.0300006866455,28.0300006866455,0.0,21.9200000762939,4.19000005722046,1.9099999666214,0.0199999995529652,186,63,171,1020,2690,2016-05-01,2690,2016-05-01,1020,171,63,186,0.0199999995529652,1.9099999666214,4.19000005722046,21.9200000762939,2016-05-01,36019,,,
1624580081,2016-05-02,7155,4.92999982833862,4.92999982833862,0.0,0.860000014305115,0.589999973773956,3.47000002861023,0.0,7,6,166,1261,1497,2016-05-02,1497,2016-05-02,1261,166,6,7,0.0,3.47000002861023,0.589999973773956,0.860000014305115,2016-05-02,7155,,,
1624580081,2016-05-03,2100,1.37000000476837,1.37000000476837,0.0,0.0,0.0,1.3400000333786,0.0199999995529652,0,0,96,1344,1334,2016-05-03,1334,2016-05-03,1344,96,0,0,0.0199999995529652,1.3400000333786,0.0,0.0,2016-05-03,2100,,,
1624580081,2016-05-04,2193,1.42999994754791,1.42999994754791,0.0,0.0,0.0,1.41999995708466,0.0,0,0,118,1322,1368,2016-05-04,1368,2016-05-04,1322,118,0,0,0.0,1.41999995708466,0.0,0.0,2016-05-04,2193,,,
1624580081,2016-05-05,2470,1.61000001430511,1.61000001430511,0.0,0.0,0.0,1.58000004291534,0.0199999995529652,0,0,117,1323,1370,2016-05-05,1370,2016-05-05,1323,117,0,0,0.0199999995529652,1.58000004291534,0.0,0.0,2016-05-05,2470,,,
1624580081,2016-05-06,1727,1.12000000476837,1.12000000476837,0.0,0.0,0.0,1.12000000476837,0.0099999997764825,0,0,102,1338,1341,2016-05-06,1341,2016-05-06,1338,102,0,0,0.0099999997764825,1.12000000476837,0.0,0.0,2016-05-06,1727,,,
1624580081,2016-05-07,2104,1.37000000476837,1.37000000476837,0.0,0.0,0.0,1.37000000476837,0.0,0,0,182,1258,1474,2016-05-07,1474,2016-05-07,1258,182,0,0,0.0,1.37000000476837,0.0,0.0,2016-05-07,2104,,,
1624580081,2016-05-08,3427,2.23000001907349,2.23000001907349,0.0,0.0,0.0,2.22000002861023,0.0,0,0,152,1288,1427,2016-05-08,1427,2016-05-08,1288,152,0,0,0.0,2.22000002861023,0.0,0.0,2016-05-08,3427,,,
1624580081,2016-05-09,1732,1.12999999523163,1.12999999523163,0.0,0.0,0.0,1.12999999523163,0.0,0,0,91,1349,1328,2016-05-09,1328,2016-05-09,1349,91,0,0,0.0,1.12999999523163,0.0,0.0,2016-05-09,1732,,,
1624580081,2016-05-10,2969,1.92999994754791,1.92999994754791,0.0,0.0,0.0,1.91999995708466,0.0099999997764825,0,0,139,1301,1393,2016-05-10,1393,2016-05-10,1301,139,0,0,0.0099999997764825,1.91999995708466,0.0,0.0,2016-05-10,2969,,,
1624580081,2016-05-11,3134,2.03999996185303,2.03999996185303,0.0,0.0,0.0,2.03999996185303,0.0,0,0,112,1328,1359,2016-05-11,1359,2016-05-11,1328,112,0,0,0.0,2.03999996185303,0.0,0.0,2016-05-11,3134,,,
1624580081,2016-05-12,2971,1.92999994754791,1.92999994754791,0.0,0.0,0.0,1.91999995708466,0.0099999997764825,0,0,107,890,1002,2016-05-12,1002,2016-05-12,890,107,0,0,0.0099999997764825,1.91999995708466,0.0,0.0,2016-05-12,2971,,,
1644430081,2016-04-12,10694,7.76999998092651,7.76999998092651,0.0,0.140000000596046,2.29999995231628,5.32999992370605,0.0,2,51,256,1131,3199,2016-04-12,3199,2016-04-12,1131,256,51,2,0.0,5.32999992370605,2.29999995231628,0.140000000596046,2016-04-12,10694,,,
1644430081,2016-04-13,8001,5.82000017166138,5.82000017166138,0.0,2.27999997138977,0.899999976158142,2.64000010490417,0.0,30,16,135,1259,2902,2016-04-13,2902,2016-04-13,1259,135,16,30,0.0,2.64000010490417,0.899999976158142,2.27999997138977,2016-04-13,8001,,,
1644430081,2016-04-14,11037,8.02000045776367,8.02000045776367,0.0,0.360000014305115,2.55999994277954,5.09999990463257,0.0,5,58,252,1125,3226,2016-04-14,3226,2016-04-14,1125,252,58,5,0.0,5.09999990463257,2.55999994277954,0.360000014305115,2016-04-14,11037,,,
1644430081,2016-04-15,5263,3.82999992370605,3.82999992370605,0.0,0.219999998807907,0.150000005960464,3.45000004768372,0.0,3,4,170,1263,2750,2016-04-15,2750,2016-04-15,1263,170,4,3,0.0,3.45000004768372,0.150000005960464,0.219999998807907,2016-04-15,5263,,,
1644430081,2016-04-16,15300,11.1199998855591,11.1199998855591,0.0,4.09999990463257,1.87999999523163,5.09000015258789,0.0,51,42,212,1135,3493,2016-04-16,3493,2016-04-16,1135,212,42,51,0.0,5.09000015258789,1.87999999523163,4.09999990463257,2016-04-16,15300,,,
1644430081,2016-04-17,8757,6.36999988555908,6.36999988555908,0.0,2.25,0.569999992847443,3.54999995231628,0.0,29,13,186,1212,3011,2016-04-17,3011,2016-04-17,1212,186,13,29,0.0,3.54999995231628,0.569999992847443,2.25,2016-04-17,8757,,,
1644430081,2016-04-18,7132,5.19000005722046,5.19000005722046,0.0,1.07000005245209,1.66999995708466,2.45000004768372,0.0,15,33,121,1271,2806,2016-04-18,2806,2016-04-18,1271,121,33,15,0.0,2.45000004768372,1.66999995708466,1.07000005245209,2016-04-18,7132,,,
1644430081,2016-04-19,11256,8.18000030517578,8.18000030517578,0.0,0.360000014305115,2.52999997138977,5.30000019073486,0.0,5,58,278,1099,3300,2016-04-19,3300,2016-04-19,1099,278,58,5,0.0,5.30000019073486,2.52999997138977,0.360000014305115,2016-04-19,11256,,,
1644430081,2016-04-20,2436,1.76999998092651,1.76999998092651,0.0,0.0,0.0,1.75999999046326,0.0099999997764825,0,0,125,1315,2430,2016-04-20,2430,2016-04-20,1315,125,0,0,0.0099999997764825,1.75999999046326,0.0,0.0,2016-04-20,2436,,,
1644430081,2016-04-21,1223,0.889999985694885,0.889999985694885,0.0,0.0,0.0,0.879999995231628,0.0099999997764825,0,0,38,1402,2140,2016-04-21,2140,2016-04-21,1402,38,0,0,0.0099999997764825,0.879999995231628,0.0,0.0,2016-04-21,1223,,,
1644430081,2016-04-22,3673,2.67000007629395,2.67000007629395,0.0,0.0,0.0,2.66000008583069,0.0099999997764825,0,0,86,1354,2344,2016-04-22,2344,2016-04-22,1354,86,0,0,0.0099999997764825,2.66000008583069,0.0,0.0,2016-04-22,3673,,,
1644430081,2016-04-23,6637,4.82999992370605,4.82999992370605,0.0,0.0,0.579999983310699,4.25,0.0,0,15,160,1265,2677,2016-04-23,2677,2016-04-23,1265,160,15,0,0.0,4.25,0.579999983310699,0.0,2016-04-23,6637,,,
1644430081,2016-04-24,3321,2.41000008583069,2.41000008583069,0.0,0.0,0.0,2.41000008583069,0.0,0,0,89,1351,2413,2016-04-24,2413,2016-04-24,1351,89,0,0,0.0,2.41000008583069,0.0,0.0,2016-04-24,3321,,,
1644430081,2016-04-25,3580,2.59999990463257,2.59999990463257,0.0,0.589999973773956,0.0599999986588955,1.95000004768372,0.0,8,1,94,1337,2497,2016-04-25,2497,2016-04-25,1337,94,1,8,0.0,1.95000004768372,0.0599999986588955,0.589999973773956,2016-04-25,3580,,,
1644430081,2016-04-26,9919,7.21000003814697,7.21000003814697,0.0,0.800000011920929,1.72000002861023,4.69000005722046,0.0,11,41,223,1165,3123,2016-04-26,3123,2016-04-26,1165,223,41,11,0.0,4.69000005722046,1.72000002861023,0.800000011920929,2016-04-26,9919,,,
1644430081,2016-04-27,3032,2.20000004768372,2.20000004768372,0.0,0.0,0.0,2.20000004768372,0.0,0,0,118,1322,2489,2016-04-27,2489,2016-04-27,1322,118,0,0,0.0,2.20000004768372,0.0,0.0,2016-04-27,3032,,,
1644430081,2016-04-28,9405,6.84000015258789,6.84000015258789,0.0,0.200000002980232,2.3199999332428,4.30999994277954,0.0,3,53,227,1157,3108,2016-04-28,3108,2016-04-28,1157,227,53,3,0.0,4.30999994277954,2.3199999332428,0.200000002980232,2016-04-28,9405,,,
1644430081,2016-04-29,3176,2.30999994277954,2.30999994277954,0.0,0.0,0.0,2.30999994277954,0.0,0,0,120,1193,2498,2016-04-29,2498,2016-04-29,1193,120,0,0,0.0,2.30999994277954,0.0,0.0,2016-04-29,3176,,,
1644430081,2016-04-30,18213,13.2399997711182,13.2399997711182,0.0,0.629999995231628,3.14000010490417,9.46000003814697,0.0,9,71,402,816,3846,2016-04-30,3846,2016-04-30,816,402,71,9,0.0,9.46000003814697,3.14000010490417,0.629999995231628,2016-04-30,18213,,,
1644430081,2016-05-01,6132,4.46000003814697,4.46000003814697,0.0,0.239999994635582,0.990000009536743,3.23000001907349,0.0,3,24,146,908,2696,2016-05-01,2696,2016-05-01,908,146,24,3,0.0,3.23000001907349,0.990000009536743,0.239999994635582,2016-05-01,6132,,,
1644430081,2016-05-02,3758,2.73000001907349,2.73000001907349,0.0,0.0700000002980232,0.310000002384186,2.34999990463257,0.0,1,7,148,682,2580,2016-05-02,2580,2016-05-02,682,148,7,1,0.0,2.34999990463257,0.310000002384186,0.0700000002980232,2016-05-02,3758,,,
1644430081,2016-05-03,12850,9.34000015258789,9.34000015258789,0.0,0.720000028610229,4.09000015258789,4.53999996185303,0.0,10,94,221,1115,3324,2016-05-03,3324,2016-05-03,1115,221,94,10,0.0,4.53999996185303,4.09000015258789,0.720000028610229,2016-05-03,12850,,,
1644430081,2016-05-04,2309,1.67999994754791,1.67999994754791,0.0,0.0,0.0,1.6599999666214,0.0199999995529652,0,0,52,1388,2222,2016-05-04,2222,2016-05-04,1388,52,0,0,0.0199999995529652,1.6599999666214,0.0,0.0,2016-05-04,2309,,,
1644430081,2016-05-05,4363,3.19000005722046,3.19000005722046,0.0,0.519999980926514,0.540000021457672,2.13000011444092,0.0099999997764825,6,12,81,1341,2463,2016-05-05,2463,2016-05-05,1341,81,12,6,0.0099999997764825,2.13000011444092,0.540000021457672,0.519999980926514,2016-05-05,4363,,,
1644430081,2016-05-06,9787,7.11999988555908,7.11999988555908,0.0,0.819999992847443,0.270000010728836,6.01000022888184,0.0199999995529652,11,6,369,1054,3328,2016-05-06,3328,2016-05-06,1054,369,6,11,0.0199999995529652,6.01000022888184,0.270000010728836,0.819999992847443,2016-05-06,9787,,,
1644430081,2016-05-07,13372,9.72000026702881,9.72000026702881,0.0,3.25999999046326,0.790000021457672,5.67000007629395,0.0099999997764825,41,17,243,1139,3404,2016-05-07,3404,2016-05-07,1139,243,17,41,0.0099999997764825,5.67000007629395,0.790000021457672,3.25999999046326,2016-05-07,13372,,,
1644430081,2016-05-08,6724,4.8899998664856,4.8899998664856,0.0,0.0,0.0,4.88000011444092,0.0,0,0,295,991,2987,2016-05-08,2987,2016-05-08,991,295,0,0,0.0,4.88000011444092,0.0,0.0,2016-05-08,6724,,,
1644430081,2016-05-09,6643,4.82999992370605,4.82999992370605,0.0,2.39000010490417,0.349999994039536,2.08999991416931,0.0099999997764825,32,6,303,1099,3008,2016-05-09,3008,2016-05-09,1099,303,6,32,0.0099999997764825,2.08999991416931,0.349999994039536,2.39000010490417,2016-05-09,6643,,,
1644430081,2016-05-10,9167,6.65999984741211,6.65999984741211,0.0,0.879999995231628,0.810000002384186,4.96999979019165,0.0099999997764825,12,19,155,1254,2799,2016-05-10,2799,2016-05-10,1254,155,19,12,0.0099999997764825,4.96999979019165,0.810000002384186,0.879999995231628,2016-05-10,9167,,,
1644430081,2016-05-11,1329,0.970000028610229,0.970000028610229,0.0,0.0,0.0,0.949999988079071,0.0099999997764825,0,0,49,713,1276,2016-05-11,1276,2016-05-11,713,49,0,0,0.0099999997764825,0.949999988079071,0.0,0.0,2016-05-11,1329,,,
1844505072,2016-04-12,6697,4.42999982833862,4.42999982833862,0.0,0.0,0.0,4.42999982833862,0.0,0,0,339,1101,2030,2016-04-12,2030,2016-04-12,1101,339,0,0,0.0,4.42999982833862,0.0,0.0,2016-04-12,6697,,,
1844505072,2016-04-13,4929,3.25999999046326,3.25999999046326,0.0,0.0,0.0,3.25999999046326,0.0,0,0,248,1192,1860,2016-04-13,1860,2016-04-13,1192,248,0,0,0.0,3.25999999046326,0.0,0.0,2016-04-13,4929,,,
1844505072,2016-04-14,7937,5.25,5.25,0.0,0.0,0.0,5.23000001907349,0.0,0,0,373,843,2130,2016-04-14,2130,2016-04-14,843,373,0,0,0.0,5.23000001907349,0.0,0.0,2016-04-14,7937,,,
1844505072,2016-04-15,3844,2.53999996185303,2.53999996185303,0.0,0.0,0.0,2.53999996185303,0.0,0,0,176,527,1725,2016-04-15,1725,2016-04-15,527,176,0,0,0.0,2.53999996185303,0.0,0.0,2016-04-15,3844,,,
1844505072,2016-04-16,3414,2.25999999046326,2.25999999046326,0.0,0.0,0.0,2.25999999046326,0.0,0,0,147,1293,1657,2016-04-16,1657,2016-04-16,1293,147,0,0,0.0,2.25999999046326,0.0,0.0,2016-04-16,3414,,,
1844505072,2016-04-17,4525,2.99000000953674,2.99000000953674,0.0,0.140000000596046,0.259999990463257,2.58999991416931,0.0,2,8,199,1231,1793,2016-04-17,1793,2016-04-17,1231,199,8,2,0.0,2.58999991416931,0.259999990463257,0.140000000596046,2016-04-17,4525,,,
1844505072,2016-04-18,4597,3.03999996185303,3.03999996185303,0.0,0.0,0.479999989271164,2.55999994277954,0.0,0,12,217,1211,1814,2016-04-18,1814,2016-04-18,1211,217,12,0,0.0,2.55999994277954,0.479999989271164,0.0,2016-04-18,4597,,,
1844505072,2016-04-19,197,0.129999995231628,0.129999995231628,0.0,0.0,0.0,0.129999995231628,0.0,0,0,10,1430,1366,2016-04-19,1366,2016-04-19,1430,10,0,0,0.0,0.129999995231628,0.0,0.0,2016-04-19,197,,,
1844505072,2016-04-20,8,0.0099999997764825,0.0099999997764825,0.0,0.0,0.0,0.0099999997764825,0.0,0,0,1,1439,1349,2016-04-20,1349,2016-04-20,1439,1,0,0,0.0,0.0099999997764825,0.0,0.0,2016-04-20,8,,,
1844505072,2016-04-21,8054,5.32000017166138,5.32000017166138,0.0,0.119999997317791,0.519999980926514,4.67999982833862,0.0,2,13,308,1117,2062,2016-04-21,2062,2016-04-21,1117,308,13,2,0.0,4.67999982833862,0.519999980926514,0.119999997317791,2016-04-21,8054,,,
1844505072,2016-04-22,5372,3.54999995231628,3.54999995231628,0.0,0.0,0.0,3.54999995231628,0.0,0,0,220,1220,1827,2016-04-22,1827,2016-04-22,1220,220,0,0,0.0,3.54999995231628,0.0,0.0,2016-04-22,5372,,,
1844505072,2016-04-23,3570,2.35999989509583,2.35999989509583,0.0,0.0,0.0,2.35999989509583,0.0,0,0,139,1301,1645,2016-04-23,1645,2016-04-23,1301,139,0,0,0.0,2.35999989509583,0.0,0.0,2016-04-23,3570,,,
1844505072,2016-04-24,0,0.0,0.0,0.0,0.0,0.0,0.0,0.0,0,0,0,1440,1347,2016-04-24,1347,2016-04-24,1440,0,0,0,0.0,0.0,0.0,0.0,2016-04-24,0,,,
1844505072,2016-04-25,0,0.0,0.0,0.0,0.0,0.0,0.0,0.0,0,0,0,1440,1347,2016-04-25,1347,2016-04-25,1440,0,0,0,0.0,0.0,0.0,0.0,2016-04-25,0,,,
1844505072,2016-04-26,0,0.0,0.0,0.0,0.0,0.0,0.0,0.0,0,0,0,1440,1347,2016-04-26,1347,2016-04-26,1440,0,0,0,0.0,0.0,0.0,0.0,2016-04-26,0,,,
1844505072,2016-04-27,4,0.0,0.0,0.0,0.0,0.0,0.0,0.0,0,0,1,1439,1348,2016-04-27,1348,2016-04-27,1439,1,0,0,0.0,0.0,0.0,0.0,2016-04-27,4,,,
1844505072,2016-04-28,6907,4.57000017166138,4.57000017166138,0.0,0.0,0.0,4.55999994277954,0.0,0,0,302,1138,1992,2016-04-28,1992,2016-04-28,1138,302,0,0,0.0,4.55999994277954,0.0,0.0,2016-04-28,6907,,,
1844505072,2016-04-29,4920,3.25,3.25,0.0,0.0,0.0,3.25,0.0,0,0,247,1082,1856,2016-04-29,1856,2016-04-29,1082,247,0,0,0.0,3.25,0.0,0.0,2016-04-29,4920,,,
1844505072,2016-04-30,4014,2.67000007629395,2.67000007629395,0.0,0.0,0.0,2.65000009536743,0.0,0,0,184,218,1763,2016-04-30,1763,2016-04-30,218,184,0,0,0.0,2.65000009536743,0.0,0.0,2016-04-30,4014,,,
1844505072,2016-05-01,2573,1.70000004768372,1.70000004768372,0.0,0.0,0.259999990463257,1.45000004768372,0.0,0,7,75,585,1541,2016-05-01,1541,2016-05-01,585,75,7,0,0.0,1.45000004768372,0.259999990463257,0.0,2016-05-01,2573,,,
1844505072,2016-05-02,0,0.0,0.0,0.0,0.0,0.0,0.0,0.0,0,0,0,1440,1348,2016-05-02,1348,2016-05-02,1440,0,0,0,0.0,0.0,0.0,0.0,2016-05-02,0,,,
1844505072,2016-05-03,4059,2.6800000667572,2.6800000667572,0.0,0.0,0.0,2.6800000667572,0.0,0,0,184,1256,1742,2016-05-03,1742,2016-05-03,1256,184,0,0,0.0,2.6800000667572,0.0,0.0,2016-05-03,4059,,,
1844505072,2016-05-04,2080,1.37000000476837,1.37000000476837,0.0,0.0,0.0,1.37000000476837,0.0,0,0,87,1353,1549,2016-05-04,1549,2016-05-04,1353,87,0,0,0.0,1.37000000476837,0.0,0.0,2016-05-04,2080,,,
1844505072,2016-05-05,2237,1.48000001907349,1.48000001907349,0.0,0.0,0.0,1.48000001907349,0.0,0,0,120,1320,1589,2016-05-05,1589,2016-05-05,1320,120,0,0,0.0,1.48000001907349,0.0,0.0,2016-05-05,2237,,,
1844505072,2016-05-06,44,0.0299999993294477,0.0299999993294477,0.0,0.0,0.0,0.0299999993294477,0.0,0,0,2,1438,1351,2016-05-06,1351,2016-05-06,1438,2,0,0,0.0,0.0299999993294477,0.0,0.0,2016-05-06,44,,,
1844505072,2016-05-07,0,0.0,0.0,0.0,0.0,0.0,0.0,0.0,0,0,0,1440,1347,2016-05-07,1347,2016-05-07,1440,0,0,0,0.0,0.0,0.0,0.0,2016-05-07,0,,,
1844505072,2016-05-08,0,0.0,0.0,0.0,0.0,0.0,0.0,0.0,0,0,0,1440,1347,2016-05-08,1347,2016-05-08,1440,0,0,0,0.0,0.0,0.0,0.0,2016-05-08,0,,,
1844505072,2016-05-09,0,0.0,0.0,0.0,0.0,0.0,0.0,0.0,0,0,0,1440,1347,2016-05-09,1347,2016-05-09,1440,0,0,0,0.0,0.0,0.0,0.0,2016-05-09,0,,,
1844505072,2016-05-10,0,0.0,0.0,0.0,0.0,0.0,0.0,0.0,0,0,0,1440,1347,2016-05-10,1347,2016-05-10,1440,0,0,0,0.0,0.0,0.0,0.0,2016-05-10,0,,,
1844505072,2016-05-11,0,0.0,0.0,0.0,0.0,0.0,0.0,0.0,0,0,0,1440,1347,2016-05-11,1347,2016-05-11,1440,0,0,0,0.0,0.0,0.0,0.0,2016-05-11,0,,,
1844505072,2016-05-12,0,0.0,0.0,0.0,0.0,0.0,0.0,0.0,0,0,0,711,665,2016-05-12,665,2016-05-12,711,0,0,0,0.0,0.0,0.0,0.0,2016-05-12,0,,,
1927972279,2016-04-12,678,0.469999998807907,0.469999998807907,0.0,0.0,0.0,0.469999998807907,0.0,0,0,55,734,2220,2016-04-12,2220,2016-04-12,734,55,0,0,0.0,0.469999998807907,0.0,0.0,2016-04-12,678,,,
1927972279,2016-04-13,356,0.25,0.25,0.0,0.0,0.0,0.25,0.0,0,0,32,986,2151,2016-04-13,2151,2016-04-13,986,32,0,0,0.0,0.25,0.0,0.0,2016-04-13,356,,,
1927972279,2016-04-14,2163,1.5,1.5,0.0,0.0,0.400000005960464,1.10000002384186,0.0,0,9,88,1292,2383,2016-04-14,2383,2016-04-14,1292,88,9,0,0.0,1.10000002384186,0.400000005960464,0.0,2016-04-14,2163,,,
1927972279,2016-04-15,980,0.680000007152557,0.680000007152557,0.0,0.0,0.0,0.680000007152557,0.0,0,0,51,941,2221,2016-04-15,2221,2016-04-15,941,51,0,0,0.0,0.680000007152557,0.0,0.0,2016-04-15,980,,,
1927972279,2016-04-16,0,0.0,0.0,0.0,0.0,0.0,0.0,0.0,0,0,0,1440,2064,2016-04-16,2064,2016-04-16,1440,0,0,0,0.0,0.0,0.0,0.0,2016-04-16,0,,,
1927972279,2016-04-17,0,0.0,0.0,0.0,0.0,0.0,0.0,0.0,0,0,0,1440,2063,2016-04-17,2063,2016-04-17,1440,0,0,0,0.0,0.0,0.0,0.0,2016-04-17,0,,,
1927972279,2016-04-18,244,0.170000001788139,0.170000001788139,0.0,0.0,0.0,0.170000001788139,0.0,0,0,17,1423,2111,2016-04-18,2111,2016-04-18,1423,17,0,0,0.0,0.170000001788139,0.0,0.0,2016-04-18,244,,,
1927972279,2016-04-19,0,0.0,0.0,0.0,0.0,0.0,0.0,0.0,0,0,0,1440,2063,2016-04-19,2063,2016-04-19,1440,0,0,0,0.0,0.0,0.0,0.0,2016-04-19,0,,,
1927972279,2016-04-20,0,0.0,0.0,0.0,0.0,0.0,0.0,0.0,0,0,0,1440,2063,2016-04-20,2063,2016-04-20,1440,0,0,0,0.0,0.0,0.0,0.0,2016-04-20,0,,,
1927972279,2016-04-21,0,0.0,0.0,0.0,0.0,0.0,0.0,0.0,0,0,0,1440,2064,2016-04-21,2064,2016-04-21,1440,0,0,0,0.0,0.0,0.0,0.0,2016-04-21,0,,,
1927972279,2016-04-22,149,0.100000001490116,0.100000001490116,0.0,0.0,0.0,0.100000001490116,0.0,0,0,10,1430,2093,2016-04-22,2093,2016-04-22,1430,10,0,0,0.0,0.100000001490116,0.0,0.0,2016-04-22,149,,,
1927972279,2016-04-23,2945,2.03999996185303,2.03999996185303,0.0,0.0,0.0,2.03999996185303,0.0,0,0,145,1295,2499,2016-04-23,2499,2016-04-23,1295,145,0,0,0.0,2.03999996185303,0.0,0.0,2016-04-23,2945,,,
1927972279,2016-04-24,2090,1.45000004768372,1.45000004768372,0.0,0.0700000002980232,0.239999994635582,1.13999998569489,0.0,1,6,75,1358,2324,2016-04-24,2324,2016-04-24,1358,75,6,1,0.0,1.13999998569489,0.239999994635582,0.0700000002980232,2016-04-24,2090,,,
1927972279,2016-04-25,152,0.109999999403954,0.109999999403954,0.0,0.0,0.0,0.109999999403954,0.0,0,0,12,1303,2100,2016-04-25,2100,2016-04-25,1303,12,0,0,0.0,0.109999999403954,0.0,0.0,2016-04-25,152,,,
1927972279,2016-04-26,3761,2.59999990463257,2.59999990463257,0.0,0.0,0.0,2.59999990463257,0.0,0,0,192,1058,2638,2016-04-26,2638,2016-04-26,1058,192,0,0,0.0,2.59999990463257,0.0,0.0,2016-04-26,3761,,,
1927972279,2016-04-27,0,0.0,0.0,0.0,0.0,0.0,0.0,0.0,0,0,0,1440,2063,2016-04-27,2063,2016-04-27,1440,0,0,0,0.0,0.0,0.0,0.0,2016-04-27,0,,,
1927972279,2016-04-28,1675,1.1599999666214,1.1599999666214,0.0,0.0,0.0,1.1599999666214,0.0,0,0,95,1167,2351,2016-04-28,2351,2016-04-28,1167,95,0,0,0.0,1.1599999666214,0.0,0.0,2016-04-28,1675,,,
1927972279,2016-04-29,0,0.0,0.0,0.0,0.0,0.0,0.0,0.0,0,0,0,1440,2063,2016-04-29,2063,2016-04-29,1440,0,0,0,0.0,0.0,0.0,0.0,2016-04-29,0,,,
1927972279,2016-04-30,0,0.0,0.0,0.0,0.0,0.0,0.0,0.0,0,0,0,1440,2064,2016-04-30,2064,2016-04-30,1440,0,0,0,0.0,0.0,0.0,0.0,2016-04-30,0,,,
1927972279,2016-05-01,2704,1.87000000476837,1.87000000476837,0.0,1.00999999046326,0.0299999993294477,0.829999983310699,0.0,14,1,70,1355,2411,2016-05-01,2411,2016-05-01,1355,70,1,14,0.0,0.829999983310699,0.0299999993294477,1.00999999046326,2016-05-01,2704,,,
1927972279,2016-05-02,3790,2.61999988555908,2.61999988555908,0.0,1.1599999666214,0.300000011920929,1.1599999666214,0.0,16,8,94,1322,2505,2016-05-02,2505,2016-05-02,1322,94,8,16,0.0,1.1599999666214,0.300000011920929,1.1599999666214,2016-05-02,3790,,,
1927972279,2016-05-03,1326,0.920000016689301,0.920000016689301,0.0,0.730000019073486,0.0,0.180000007152557,0.0,10,0,17,1413,2195,2016-05-03,2195,2016-05-03,1413,17,0,10,0.0,0.180000007152557,0.0,0.730000019073486,2016-05-03,1326,,,
1927972279,2016-05-04,1786,1.24000000953674,1.24000000953674,0.0,0.0,0.0,1.24000000953674,0.0,0,0,87,1353,2338,2016-05-04,2338,2016-05-04,1353,87,0,0,0.0,1.24000000953674,0.0,0.0,2016-05-04,1786,,,
1927972279,2016-05-05,0,0.0,0.0,0.0,0.0,0.0,0.0,0.0,0,0,0,1440,2063,2016-05-05,2063,2016-05-05,1440,0,0,0,0.0,0.0,0.0,0.0,2016-05-05,0,,,
1927972279,2016-05-06,2091,1.45000004768372,1.45000004768372,0.0,0.0,0.0,1.45000004768372,0.0,0,0,108,1332,2383,2016-05-06,2383,2016-05-06,1332,108,0,0,0.0,1.45000004768372,0.0,0.0,2016-05-06,2091,,,
1927972279,2016-05-07,1510,1.03999996185303,1.03999996185303,0.0,0.0,0.0,1.03999996185303,0.0,0,0,48,1392,2229,2016-05-07,2229,2016-05-07,1392,48,0,0,0.0,1.03999996185303,0.0,0.0,2016-05-07,1510,,,
1927972279,2016-05-08,0,0.0,0.0,0.0,0.0,0.0,0.0,0.0,0,0,0,1440,2063,2016-05-08,2063,2016-05-08,1440,0,0,0,0.0,0.0,0.0,0.0,2016-05-08,0,,,
1927972279,2016-05-09,0,0.0,0.0,0.0,0.0,0.0,0.0,0.0,0,0,0,1440,2063,2016-05-09,2063,2016-05-09,1440,0,0,0,0.0,0.0,0.0,0.0,2016-05-09,0,,,
1927972279,2016-05-10,0,0.0,0.0,0.0,0.0,0.0,0.0,0.0,0,0,0,1440,2063,2016-05-10,2063,2016-05-10,1440,0,0,0,0.0,0.0,0.0,0.0,2016-05-10,0,,,
1927972279,2016-05-11,0,0.0,0.0,0.0,0.0,0.0,0.0,0.0,0,0,0,1440,2063,2016-05-11,2063,2016-05-11,1440,0,0,0,0.0,0.0,0.0,0.0,2016-05-11,0,,,
1927972279,2016-05-12,0,0.0,0.0,0.0,0.0,0.0,0.0,0.0,0,0,0,966,1383,2016-05-12,1383,2016-05-12,966,0,0,0,0.0,0.0,0.0,0.0,2016-05-12,0,,,
2022484408,2016-04-12,11875,8.34000015258789,8.34000015258789,0.0,3.30999994277954,0.769999980926514,4.26000022888184,0.0,42,14,227,1157,2390,2016-04-12,2390,2016-04-12,1157,227,14,42,0.0,4.26000022888184,0.769999980926514,3.30999994277954,2016-04-12,11875,75.80417700578991,134.0,52.0
2022484408,2016-04-13,12024,8.5,8.5,0.0,2.99000000953674,0.100000001490116,5.40999984741211,0.0,43,5,292,1100,2601,2016-04-13,2601,2016-04-13,1100,292,5,43,0.0,5.40999984741211,0.100000001490116,2.99000000953674,2016-04-13,12024,80.33758439609902,156.0,51.0
2022484408,2016-04-14,10690,7.5,7.5,0.0,2.48000001907349,0.209999993443489,4.82000017166138,0.0,32,3,257,1148,2312,2016-04-14,2312,2016-04-14,1148,257,3,32,0.0,4.82000017166138,0.209999993443489,2.48000001907349,2016-04-14,10690,72.62859712230215,127.0,50.0
2022484408,2016-04-15,11034,8.02999973297119,8.02999973297119,0.0,1.94000005722046,0.310000002384186,5.78000020980835,0.0,27,9,282,1122,2525,2016-04-15,2525,2016-04-15,1122,282,9,27,0.0,5.78000020980835,0.310000002384186,1.94000005722046,2016-04-15,11034,80.43738211995473,189.0,53.0
2022484408,2016-04-16,10100,7.09000015258789,7.09000015258789,0.0,3.15000009536743,0.550000011920929,3.39000010490417,0.0,41,11,151,1237,2177,2016-04-16,2177,2016-04-16,1237,151,11,41,0.0,3.39000010490417,0.550000011920929,3.15000009536743,2016-04-16,10100,75.96054724785238,136.0,49.0
2022484408,2016-04-17,15112,11.3999996185303,11.3999996185303,0.0,3.86999988555908,0.660000026226044,6.88000011444092,0.0,28,29,331,1052,2782,2016-04-17,2782,2016-04-17,1052,331,29,28,0.0,6.88000011444092,0.660000026226044,3.86999988555908,2016-04-17,15112,83.9171382376718,161.0,52.0
2022484408,2016-04-18,14131,10.0699996948242,10.0699996948242,0.0,3.64000010490417,0.119999997317791,6.30000019073486,0.0,48,3,311,1078,2770,2016-04-18,2770,2016-04-18,1078,311,3,48,0.0,6.30000019073486,0.119999997317791,3.64000010490417,2016-04-18,14131,82.71282877079979,153.0,54.0
2022484408,2016-04-19,11548,8.52999973297119,8.52999973297119,0.0,3.28999996185303,0.239999994635582,5.0,0.0,31,7,250,1152,2489,2016-04-19,2489,2016-04-19,1152,250,7,31,0.0,5.0,0.239999994635582,3.28999996185303,2016-04-19,11548,81.954,162.0,54.0
2022484408,2016-04-20,15112,10.6700000762939,10.6700000762939,0.0,3.33999991416931,1.92999994754791,5.40000009536743,0.0,48,63,276,1053,2897,2016-04-20,2897,2016-04-20,1053,276,63,48,0.0,5.40000009536743,1.92999994754791,3.33999991416931,2016-04-20,15112,83.44403973509934,166.0,50.0
2022484408,2016-04-21,12453,8.73999977111816,8.73999977111816,0.0,3.32999992370605,1.11000001430511,4.30999994277954,0.0,104,53,255,1028,3158,2016-04-21,3158,2016-04-21,1028,255,53,104,0.0,4.30999994277954,1.11000001430511,3.32999992370605,2016-04-21,12453,86.37481962481962,203.0,53.0
2022484408,2016-04-22,12954,9.32999992370605,9.32999992370605,0.0,4.42999982833862,0.419999986886978,4.46999979019165,0.0,52,10,273,1105,2638,2016-04-22,2638,2016-04-22,1105,273,10,52,0.0,4.46999979019165,0.419999986886978,4.42999982833862,2016-04-22,12954,80.12544357700497,153.0,52.0
2022484408,2016-04-23,6001,4.21000003814697,4.21000003814697,0.0,0.0,0.0,4.21000003814697,0.0,0,0,249,1191,2069,2016-04-23,2069,2016-04-23,1191,249,0,0,0.0,4.21000003814697,0.0,0.0,2016-04-23,6001,71.75562470081378,109.0,50.0
2022484408,2016-04-24,13481,10.2799997329712,10.2799997329712,0.0,4.55000019073486,1.14999997615814,4.57999992370605,0.0,37,26,216,1161,2529,2016-04-24,2529,2016-04-24,1161,216,26,37,0.0,4.57999992370605,1.14999997615814,4.55000019073486,2016-04-24,13481,82.42124019957234,163.0,53.0
2022484408,2016-04-25,11369,8.01000022888184,8.01000022888184,0.0,3.32999992370605,0.219999998807907,4.46000003814697,0.0,44,8,217,1171,2470,2016-04-25,2470,2016-04-25,1171,217,8,44,0.0,4.46000003814697,0.219999998807907,3.32999992370605,2016-04-25,11369,82.59916054564533,159.0,49.0
2022484408,2016-04-26,10119,7.19000005722046,7.19000005722046,0.0,1.42999994754791,0.660000026226044,5.1100001335144,0.0,55,24,275,1086,2793,2016-04-26,2793,2016-04-26,1086,275,24,55,0.0,5.1100001335144,0.660000026226044,1.42999994754791,2016-04-26,10119,83.27837450769782,154.0,51.0
2022484408,2016-04-27,10159,7.13000011444092,7.13000011444092,0.0,1.03999996185303,0.970000028610229,5.11999988555908,0.0,19,20,282,1119,2463,2016-04-27,2463,2016-04-27,1119,282,20,19,0.0,5.11999988555908,0.970000028610229,1.03999996185303,2016-04-27,10159,80.89912181941004,145.0,38.0
2022484408,2016-04-28,10140,7.11999988555908,7.11999988555908,0.0,0.409999996423721,1.33000004291534,5.3899998664856,0.0,6,20,291,1123,2296,2016-04-28,2296,2016-04-28,1123,291,20,6,0.0,5.3899998664856,1.33000004291534,0.409999996423721,2016-04-28,10140,71.25103398669305,114.0,51.0
2022484408,2016-04-29,10245,7.19000005722046,7.19000005722046,0.0,0.479999989271164,1.21000003814697,5.5,0.0,21,40,281,1098,2611,2016-04-29,2611,2016-04-29,1098,281,40,21,0.0,5.5,1.21000003814697,0.479999989271164,2016-04-29,10245,83.41287251655629,134.0,50.0
2022484408,2016-04-30,18387,12.9099998474121,12.9099998474121,0.0,0.939999997615814,1.39999997615814,10.5699996948242,0.0,13,23,361,1043,2732,2016-04-30,2732,2016-04-30,1043,361,23,13,0.0,10.5699996948242,1.39999997615814,0.939999997615814,2016-04-30,18387,77.54921618665695,123.0,51.0
2022484408,2016-05-01,10538,7.40000009536743,7.40000009536743,0.0,1.94000005722046,0.959999978542328,4.5,0.0,25,28,245,1142,2380,2016-05-01,2380,2016-05-01,1142,245,28,25,0.0,4.5,0.959999978542328,1.94000005722046,2016-05-01,10538,73.53145917001339,118.0,44.0
2022484408,2016-05-02,10379,7.28999996185303,7.28999996185303,0.0,2.60999989509583,0.340000003576279,4.32999992370605,0.0,36,8,277,1119,2473,2016-05-02,2473,2016-05-02,1119,277,8,36,0.0,4.32999992370605,0.340000003576279,2.60999989509583,2016-05-02,10379,77.17174302533914,137.0,50.0
2022484408,2016-05-03,12183,8.73999977111816,8.73999977111816,0.0,3.99000000953674,0.46000000834465,4.28000020980835,0.0,72,14,250,1104,2752,2016-05-03,2752,2016-05-03,1104,250,14,72,0.0,4.28000020980835,0.46000000834465,3.99000000953674,2016-05-03,12183,83.01962158374212,169.0,51.0
2022484408,2016-05-04,11768,8.28999996185303,8.28999996185303,0.0,2.50999999046326,0.930000007152557,4.84999990463257,0.0,36,27,272,1105,2649,2016-05-04,2649,2016-05-04,1105,272,27,36,0.0,4.84999990463257,0.930000007152557,2.50999999046326,2016-05-04,11768,82.8033734939759,159.0,54.0
2022484408,2016-05-05,11895,8.35000038146973,8.35000038146973,0.0,2.78999996185303,0.860000014305115,4.69999980926514,0.0,55,20,253,1112,2609,2016-05-05,2609,2016-05-05,1112,253,20,55,0.0,4.69999980926514,0.860000014305115,2.78999996185303,2016-05-05,11895,80.71003111572085,156.0,55.0
2022484408,2016-05-06,10227,7.17999982833862,7.17999982833862,0.0,1.87000000476837,0.670000016689301,4.6399998664856,0.0,24,17,295,1104,2498,2016-05-06,2498,2016-05-06,1104,295,17,24,0.0,4.6399998664856,0.670000016689301,1.87000000476837,2016-05-06,10227,81.7220977976857,118.0,60.0
2022484408,2016-05-07,6708,4.71000003814697,4.71000003814697,0.0,1.61000001430511,0.0799999982118607,3.01999998092651,0.0,20,2,149,1269,1995,2016-05-07,1995,2016-05-07,1269,149,2,20,0.0,3.01999998092651,0.0799999982118607,1.61000001430511,2016-05-07,6708,76.06818181818181,128.0,52.0
2022484408,2016-05-08,3292,2.30999994277954,2.30999994277954,0.0,0.0,0.0,2.30999994277954,0.0,0,0,135,1305,1848,2016-05-08,1848,2016-05-08,1305,135,0,0,0.0,2.30999994277954,0.0,0.0,2016-05-08,3292,76.95872093023256,127.0,53.0
2022484408,2016-05-09,13379,9.39000034332275,9.39000034332275,0.0,2.11999988555908,1.62999999523163,5.6399998664856,0.0,35,47,297,1061,2709,2016-05-09,2709,2016-05-09,1061,297,47,35,0.0,5.6399998664856,1.62999999523163,2.11999988555908,2016-05-09,13379,81.51448231717075,133.0,51.0
2022484408,2016-05-10,12798,8.97999954223633,8.97999954223633,0.0,2.22000002861023,1.21000003814697,5.55999994277954,0.0,57,28,271,1084,2797,2016-05-10,2797,2016-05-10,1084,271,28,57,0.0,5.55999994277954,1.21000003814697,2.22000002861023,2016-05-10,12798,86.58479771148345,166.0,57.0
2022484408,2016-05-11,13272,9.31999969482422,9.31999969482422,0.0,4.17999982833862,1.14999997615814,3.99000000953674,0.0,58,25,224,1133,2544,2016-05-11,2544,2016-05-11,1133,224,25,58,0.0,3.99000000953674,1.14999997615814,4.17999982833862,2016-05-11,13272,83.52272192135625,138.0,55.0
2022484408,2016-05-12,9117,6.40999984741211,6.40999984741211,0.0,1.27999997138977,0.670000016689301,4.44000005722046,0.0,16,16,236,728,1853,2016-05-12,1853,2016-05-12,728,236,16,16,0.0,4.44000005722046,0.670000016689301,1.27999997138977,2016-05-12,9117,81.4136660051035,152.0,55.0
2026352035,2016-04-12,4414,2.74000000953674,2.74000000953674,0.0,0.189999997615814,0.349999994039536,2.20000004768372,0.0,3,8,181,706,1459,2016-04-12,1459,2016-04-12,706,181,8,3,0.0,2.20000004768372,0.349999994039536,0.189999997615814,2016-04-12,4414,,,
2026352035,2016-04-13,4993,3.09999990463257,3.09999990463257,0.0,0.0,0.0,3.09999990463257,0.0,0,0,238,663,1521,2016-04-13,1521,2016-04-13,663,238,0,0,0.0,3.09999990463257,0.0,0.0,2016-04-13,4993,,,
2026352035,2016-04-14,3335,2.0699999332428,2.0699999332428,0.0,0.0,0.0,2.04999995231628,0.0,0,0,197,653,1431,2016-04-14,1431,2016-04-14,653,197,0,0,0.0,2.04999995231628,0.0,0.0,2016-04-14,3335,,,
2026352035,2016-04-15,3821,2.36999988555908,2.36999988555908,0.0,0.0,0.0,2.36999988555908,0.0,0,0,188,687,1444,2016-04-15,1444,2016-04-15,687,188,0,0,0.0,2.36999988555908,0.0,0.0,2016-04-15,3821,,,
2026352035,2016-04-16,2547,1.58000004291534,1.58000004291534,0.0,0.0,0.0,1.58000004291534,0.0,0,0,150,728,1373,2016-04-16,1373,2016-04-16,728,150,0,0,0.0,1.58000004291534,0.0,0.0,2016-04-16,2547,,,
2026352035,2016-04-17,838,0.519999980926514,0.519999980926514,0.0,0.0,0.0,0.519999980926514,0.0,0,0,60,1053,1214,2016-04-17,1214,2016-04-17,1053,60,0,0,0.0,0.519999980926514,0.0,0.0,2016-04-17,838,68.65625,80.0,63.0
2026352035,2016-04-18,3325,2.05999994277954,2.05999994277954,0.0,0.0,0.0,2.05999994277954,0.0,0,0,182,1062,1419,2016-04-18,1419,2016-04-18,1062,182,0,0,0.0,2.05999994277954,0.0,0.0,2016-04-18,3325,,,
2026352035,2016-04-19,2424,1.5,1.5,0.0,0.0,0.0,1.5,0.0,0,0,141,785,1356,2016-04-19,1356,2016-04-19,785,141,0,0,0.0,1.5,0.0,0.0,2016-04-19,2424,,,
2026352035,2016-04-20,7222,4.48000001907349,4.48000001907349,0.0,0.0,0.0,4.48000001907349,0.0,0,0,327,623,1667,2016-04-20,1667,2016-04-20,623,327,0,0,0.0,4.48000001907349,0.0,0.0,2016-04-20,7222,,,
2026352035,2016-04-21,2467,1.52999997138977,1.52999997138977,0.0,0.0,0.0,1.52999997138977,0.0,0,0,153,749,1370,2016-04-21,1370,2016-04-21,749,153,0,0,0.0,1.52999997138977,0.0,0.0,2016-04-21,2467,,,
2026352035,2016-04-22,2915,1.80999994277954,1.80999994277954,0.0,0.0,0.0,1.80999994277954,0.0,0,0,162,712,1399,2016-04-22,1399,2016-04-22,712,162,0,0,0.0,1.80999994277954,0.0,0.0,2016-04-22,2915,,,
2026352035,2016-04-23,12357,7.71000003814697,7.71000003814697,0.0,0.0,0.0,7.71000003814697,0.0,0,0,432,458,1916,2016-04-23,1916,2016-04-23,458,432,0,0,0.0,7.71000003814697,0.0,0.0,2016-04-23,12357,,,
2026352035,2016-04-24,3490,2.16000008583069,2.16000008583069,0.0,0.0,0.0,2.16000008583069,0.0,0,0,164,704,1401,2016-04-24,1401,2016-04-24,704,164,0,0,0.0,2.16000008583069,0.0,0.0,2016-04-24,3490,,,
2026352035,2016-04-25,6017,3.73000001907349,3.73000001907349,0.0,0.0,0.0,3.73000001907349,0.0,0,0,260,821,1576,2016-04-25,1576,2016-04-25,821,260,0,0,0.0,3.73000001907349,0.0,0.0,2016-04-25,6017,99.50581395348837,125.0,70.0
2026352035,2016-04-26,5933,3.6800000667572,3.6800000667572,0.0,0.0,0.0,3.6800000667572,0.0,0,0,288,1018,1595,2016-04-26,1595,2016-04-26,1018,288,0,0,0.0,3.6800000667572,0.0,0.0,2016-04-26,5933,,,
2026352035,2016-04-27,6088,3.76999998092651,3.76999998092651,0.0,0.0,0.0,3.76999998092651,0.0,0,0,286,586,1593,2016-04-27,1593,2016-04-27,586,286,0,0,0.0,3.76999998092651,0.0,0.0,2016-04-27,6088,,,
2026352035,2016-04-28,6375,3.95000004768372,3.95000004768372,0.0,0.0,0.0,3.95000004768372,0.0,0,0,331,626,1649,2016-04-28,1649,2016-04-28,626,331,0,0,0.0,3.95000004768372,0.0,0.0,2016-04-28,6375,,,
2026352035,2016-04-29,7604,4.71000003814697,4.71000003814697,0.0,0.0,0.0,4.71000003814697,0.0,0,0,352,492,1692,2016-04-29,1692,2016-04-29,492,352,0,0,0.0,4.71000003814697,0.0,0.0,2016-04-29,7604,,,
2026352035,2016-04-30,4729,2.9300000667572,2.9300000667572,0.0,0.0,0.0,2.9300000667572,0.0,0,0,233,594,1506,2016-04-30,1506,2016-04-30,594,233,0,0,0.0,2.9300000667572,0.0,0.0,2016-04-30,4729,,,
2026352035,2016-05-01,3609,2.27999997138977,2.27999997138977,0.0,0.0,0.0,2.27999997138977,0.0,0,0,191,716,1447,2016-05-01,1447,2016-05-01,716,191,0,0,0.0,2.27999997138977,0.0,0.0,2016-05-01,3609,,,
2026352035,2016-05-02,7018,4.34999990463257,4.34999990463257,0.0,0.0,0.0,4.34999990463257,0.0,0,0,355,716,1690,2016-05-02,1690,2016-05-02,716,355,0,0,0.0,4.34999990463257,0.0,0.0,2016-05-02,7018,84.13457076566125,122.0,70.0
2026352035,2016-05-03,5992,3.72000002861023,3.72000002861023,0.0,0.0,0.0,3.72000002861023,0.0,0,0,304,981,1604,2016-05-03,1604,2016-05-03,981,304,0,0,0.0,3.72000002861023,0.0,0.0,2016-05-03,5992,,,
2026352035,2016-05-04,6564,4.07000017166138,4.07000017166138,0.0,0.0,0.0,4.07000017166138,0.0,0,0,345,530,1658,2016-05-04,1658,2016-05-04,530,345,0,0,0.0,4.07000017166138,0.0,0.0,2016-05-04,6564,,,
2026352035,2016-05-05,12167,7.53999996185303,7.53999996185303,0.0,0.0,0.0,7.53999996185303,0.0,0,0,475,479,1926,2016-05-05,1926,2016-05-05,479,475,0,0,0.0,7.53999996185303,0.0,0.0,2016-05-05,12167,,,
2026352035,2016-05-06,8198,5.07999992370605,5.07999992370605,0.0,0.0,0.0,5.07999992370605,0.0,0,0,383,511,1736,2016-05-06,1736,2016-05-06,511,383,0,0,0.0,5.07999992370605,0.0,0.0,2016-05-06,8198,,,
2026352035,2016-05-07,4193,2.59999990463257,2.59999990463257,0.0,0.0,0.0,2.59999990463257,0.0,0,0,229,665,1491,2016-05-07,1491,2016-05-07,665,229,0,0,0.0,2.59999990463257,0.0,0.0,2016-05-07,4193,,,
2026352035,2016-05-08,5528,3.45000004768372,3.45000004768372,0.0,0.0,0.0,3.45000004768372,0.0,0,0,258,610,1555,2016-05-08,1555,2016-05-08,610,258,0,0,0.0,3.45000004768372,0.0,0.0,2016-05-08,5528,,,
2026352035,2016-05-09,10685,6.61999988555908,6.61999988555908,0.0,0.0,0.0,6.59999990463257,0.0,0,0,401,543,1869,2016-05-09,1869,2016-05-09,543,401,0,0,0.0,6.59999990463257,0.0,0.0,2016-05-09,10685,98.2339008142117,123.0,70.0
2026352035,2016-05-10,254,0.159999996423721,0.159999996423721,0.0,0.0,0.0,0.159999996423721,0.0,0,0,17,1002,1141,2016-05-10,1141,2016-05-10,1002,17,0,0,0.0,0.159999996423721,0.0,0.0,2016-05-10,254,,,
2026352035,2016-05-11,8580,5.32000017166138,5.32000017166138,0.0,0.0,0.0,5.32000017166138,0.0,0,0,330,569,1698,2016-05-11,1698,2016-05-11,569,330,0,0,0.0,5.32000017166138,0.0,0.0,2016-05-11,8580,,,
2026352035,2016-05-12,8891,5.51000022888184,5.51000022888184,0.0,0.0,0.0,5.51000022888184,0.0,0,0,343,330,1364,2016-05-12,1364,2016-05-12,330,343,0,0,0.0,5.51000022888184,0.0,0.0,2016-05-12,8891,,,
2320127002,2016-04-12,10725,7.48999977111816,7.48999977111816,0.0,1.16999995708466,0.310000002384186,6.01000022888184,0.0,13,9,306,1112,2124,2016-04-12,2124,2016-04-12,1112,306,9,13,0.0,6.01000022888184,0.310000002384186,1.16999995708466,2016-04-12,10725,,,
2320127002,2016-04-13,7275,4.90000009536743,4.90000009536743,0.0,0.0,0.0,4.90000009536743,0.0,0,0,335,1105,2003,2016-04-13,2003,2016-04-13,1105,335,0,0,0.0,4.90000009536743,0.0,0.0,2016-04-13,7275,,,
2320127002,2016-04-14,3973,2.6800000667572,2.6800000667572,0.0,0.0,0.0,2.6800000667572,0.0,0,0,191,1249,1696,2016-04-14,1696,2016-04-14,1249,191,0,0,0.0,2.6800000667572,0.0,0.0,2016-04-14,3973,,,
2320127002,2016-04-15,5205,3.50999999046326,3.50999999046326,0.0,0.0,0.0,3.50999999046326,0.0,0,0,245,1195,1801,2016-04-15,1801,2016-04-15,1195,245,0,0,0.0,3.50999999046326,0.0,0.0,2016-04-15,5205,,,
2320127002,2016-04-16,5057,3.41000008583069,3.41000008583069,0.0,0.0,0.0,3.40000009536743,0.0,0,0,195,1245,1724,2016-04-16,1724,2016-04-16,1245,195,0,0,0.0,3.40000009536743,0.0,0.0,2016-04-16,5057,,,
2320127002,2016-04-17,6198,4.17999982833862,4.17999982833862,0.0,0.0,0.0,4.17999982833862,0.0,0,0,249,1191,1852,2016-04-17,1852,2016-04-17,1191,249,0,0,0.0,4.17999982833862,0.0,0.0,2016-04-17,6198,,,
2320127002,2016-04-18,6559,4.42000007629395,4.42000007629395,0.0,0.0,0.259999990463257,4.1399998664856,0.0,0,7,260,1173,1905,2016-04-18,1905,2016-04-18,1173,260,7,0,0.0,4.1399998664856,0.259999990463257,0.0,2016-04-18,6559,,,
2320127002,2016-04-19,5997,4.03999996185303,4.03999996185303,0.0,0.0,0.379999995231628,3.66000008583069,0.0,0,11,228,1201,1811,2016-04-19,1811,2016-04-19,1201,228,11,0,0.0,3.66000008583069,0.379999995231628,0.0,2016-04-19,5997,,,
2320127002,2016-04-20,7192,4.84999990463257,4.84999990463257,0.0,0.0,0.490000009536743,4.34000015258789,0.0,0,11,283,1146,1922,2016-04-20,1922,2016-04-20,1146,283,11,0,0.0,4.34000015258789,0.490000009536743,0.0,2016-04-20,7192,,,
2320127002,2016-04-21,3404,2.28999996185303,2.28999996185303,0.0,0.0599999986588955,0.419999986886978,1.80999994277954,0.0,1,10,127,1302,1610,2016-04-21,1610,2016-04-21,1302,127,10,1,0.0,1.80999994277954,0.419999986886978,0.0599999986588955,2016-04-21,3404,,,
2320127002,2016-04-22,5583,3.75999999046326,3.75999999046326,0.0,0.0,0.0,3.75999999046326,0.0,0,0,266,1174,1851,2016-04-22,1851,2016-04-22,1174,266,0,0,0.0,3.75999999046326,0.0,0.0,2016-04-22,5583,,,
2320127002,2016-04-23,5079,3.42000007629395,3.42000007629395,0.0,0.0,0.0,3.42000007629395,0.0,0,0,242,1129,1804,2016-04-23,1804,2016-04-23,1129,242,0,0,0.0,3.42000007629395,0.0,0.0,2016-04-23,5079,,,
2320127002,2016-04-24,4165,2.80999994277954,2.80999994277954,0.0,0.0,0.0,2.79999995231628,0.0,0,0,204,1236,1725,2016-04-24,1725,2016-04-24,1236,204,0,0,0.0,2.79999995231628,0.0,0.0,2016-04-24,4165,,,
2320127002,2016-04-25,3588,2.42000007629395,2.42000007629395,0.0,0.230000004172325,0.200000002980232,1.99000000953674,0.0,3,5,152,1280,1654,2016-04-25,1654,2016-04-25,1280,152,5,3,0.0,1.99000000953674,0.200000002980232,0.230000004172325,2016-04-25,3588,,,
2320127002,2016-04-26,3409,2.29999995231628,2.29999995231628,0.0,0.0,0.0,2.29999995231628,0.0,0,0,147,1293,1632,2016-04-26,1632,2016-04-26,1293,147,0,0,0.0,2.29999995231628,0.0,0.0,2016-04-26,3409,,,
2320127002,2016-04-27,1715,1.1599999666214,1.1599999666214,0.0,0.0,0.0,1.1599999666214,0.0,0,0,82,1358,1481,2016-04-27,1481,2016-04-27,1358,82,0,0,0.0,1.1599999666214,0.0,0.0,2016-04-27,1715,,,
2320127002,2016-04-28,1532,1.02999997138977,1.02999997138977,0.0,0.0,0.0,1.02999997138977,0.0,0,0,76,1364,1473,2016-04-28,1473,2016-04-28,1364,76,0,0,0.0,1.02999997138977,0.0,0.0,2016-04-28,1532,,,
2320127002,2016-04-29,924,0.620000004768372,0.620000004768372,0.0,0.0,0.0,0.620000004768372,0.0,0,0,45,1395,1410,2016-04-29,1410,2016-04-29,1395,45,0,0,0.0,0.620000004768372,0.0,0.0,2016-04-29,924,,,
2320127002,2016-04-30,4571,3.07999992370605,3.07999992370605,0.0,0.0,0.0,3.0699999332428,0.0,0,0,234,1206,1779,2016-04-30,1779,2016-04-30,1206,234,0,0,0.0,3.0699999332428,0.0,0.0,2016-04-30,4571,,,
2320127002,2016-05-01,772,0.519999980926514,0.519999980926514,0.0,0.0,0.0,0.519999980926514,0.0,0,0,40,1400,1403,2016-05-01,1403,2016-05-01,1400,40,0,0,0.0,0.519999980926514,0.0,0.0,2016-05-01,772,,,
2320127002,2016-05-02,3634,2.45000004768372,2.45000004768372,0.0,0.360000014305115,0.209999993443489,1.87999999523163,0.0,5,6,123,1306,1613,2016-05-02,1613,2016-05-02,1306,123,6,5,0.0,1.87999999523163,0.209999993443489,0.360000014305115,2016-05-02,3634,,,
2320127002,2016-05-03,7443,5.01999998092651,5.01999998092651,0.0,1.49000000953674,0.370000004768372,3.16000008583069,0.0,20,10,206,1204,1878,2016-05-03,1878,2016-05-03,1204,206,10,20,0.0,3.16000008583069,0.370000004768372,1.49000000953674,2016-05-03,7443,,,
2320127002,2016-05-04,1201,0.810000002384186,0.810000002384186,0.0,0.0,0.0,0.810000002384186,0.0,0,0,52,1388,1426,2016-05-04,1426,2016-05-04,1388,52,0,0,0.0,0.810000002384186,0.0,0.0,2016-05-04,1201,,,
2320127002,2016-05-05,5202,3.50999999046326,3.50999999046326,0.0,0.0,0.389999985694885,3.10999989509583,0.0,0,11,223,1206,1780,2016-05-05,1780,2016-05-05,1206,223,11,0,0.0,3.10999989509583,0.389999985694885,0.0,2016-05-05,5202,,,
2320127002,2016-05-06,4878,3.28999996185303,3.28999996185303,0.0,0.0,0.0,3.28999996185303,0.0,0,0,204,1236,1742,2016-05-06,1742,2016-05-06,1236,204,0,0,0.0,3.28999996185303,0.0,0.0,2016-05-06,4878,,,
2320127002,2016-05-07,7379,4.96999979019165,4.96999979019165,0.0,0.0,0.0,4.96999979019165,0.0,0,0,319,1121,1972,2016-05-07,1972,2016-05-07,1121,319,0,0,0.0,4.96999979019165,0.0,0.0,2016-05-07,7379,,,
2320127002,2016-05-08,5161,3.48000001907349,3.48000001907349,0.0,0.0,0.0,3.47000002861023,0.0,0,0,247,1193,1821,2016-05-08,1821,2016-05-08,1193,247,0,0,0.0,3.47000002861023,0.0,0.0,2016-05-08,5161,,,
2320127002,2016-05-09,3090,2.07999992370605,2.07999992370605,0.0,0.0,0.0,2.07999992370605,0.0,0,0,145,1295,1630,2016-05-09,1630,2016-05-09,1295,145,0,0,0.0,2.07999992370605,0.0,0.0,2016-05-09,3090,,,
2320127002,2016-05-10,6227,4.19999980926514,4.19999980926514,0.0,0.0,0.0,4.19999980926514,0.0,0,0,290,1150,1899,2016-05-10,1899,2016-05-10,1150,290,0,0,0.0,4.19999980926514,0.0,0.0,2016-05-10,6227,,,
2320127002,2016-05-11,6424,4.32999992370605,4.32999992370605,0.0,0.0,0.0,4.32999992370605,0.0,0,0,300,1140,1903,2016-05-11,1903,2016-05-11,1140,300,0,0,0.0,4.32999992370605,0.0,0.0,2016-05-11,6424,,,
2320127002,2016-05-12,2661,1.78999996185303,1.78999996185303,0.0,0.0,0.0,1.78999996185303,0.0,0,0,128,830,1125,2016-05-12,1125,2016-05-12,830,128,0,0,0.0,1.78999996185303,0.0,0.0,2016-05-12,2661,,,
2347167796,2016-04-12,10113,6.82999992370605,6.82999992370605,0.0,2.0,0.620000004768372,4.19999980926514,0.0,28,13,320,964,2344,2016-04-12,2344,2016-04-12,964,320,13,28,0.0,4.19999980926514,0.620000004768372,2.0,2016-04-12,10113,86.08233377758033,172.0,57.0
2347167796,2016-04-13,10352,7.01000022888184,7.01000022888184,0.0,1.6599999666214,1.94000005722046,3.41000008583069,0.0,19,32,195,676,2038,2016-04-13,2038,2016-04-13,676,195,32,19,0.0,3.41000008583069,1.94000005722046,1.6599999666214,2016-04-13,10352,73.81290461804058,158.0,55.0
2347167796,2016-04-14,10129,6.69999980926514,6.69999980926514,0.0,0.0199999995529652,2.74000000953674,3.94000005722046,0.0,1,48,206,705,2010,2016-04-14,2010,2016-04-14,705,206,48,1,0.0,3.94000005722046,2.74000000953674,0.0199999995529652,2016-04-14,10129,72.57948213700426,154.0,52.0
2347167796,2016-04-15,10465,6.92000007629395,6.92000007629395,0.0,0.0700000002980232,1.41999995708466,5.42999982833862,0.0,1,24,284,720,2133,2016-04-15,2133,2016-04-15,720,284,24,1,0.0,5.42999982833862,1.41999995708466,0.0700000002980232,2016-04-15,10465,75.68525687977399,136.0,55.0
2347167796,2016-04-16,22244,15.0799999237061,15.0799999237061,0.0,5.44999980926514,4.09999990463257,5.53000020980835,0.0,66,72,268,968,2670,2016-04-16,2670,2016-04-16,968,268,72,66,0.0,5.53000020980835,4.09999990463257,5.44999980926514,2016-04-16,22244,96.62390702822357,168.0,58.0
2347167796,2016-04-17,5472,3.61999988555908,3.61999988555908,0.0,0.0799999982118607,0.280000001192093,3.25999999046326,0.0,1,7,249,508,1882,2016-04-17,1882,2016-04-17,508,249,7,1,0.0,3.25999999046326,0.280000001192093,0.0799999982118607,2016-04-17,5472,75.36218020022247,134.0,55.0
2347167796,2016-04-18,8247,5.44999980926514,5.44999980926514,0.0,0.790000021457672,0.860000014305115,3.78999996185303,0.0,11,16,206,678,1944,2016-04-18,1944,2016-04-18,678,206,16,11,0.0,3.78999996185303,0.860000014305115,0.790000021457672,2016-04-18,8247,71.23214476924724,134.0,53.0
2347167796,2016-04-19,6711,4.44000005722046,4.44000005722046,0.0,0.0,0.0,4.44000005722046,0.0,0,7,382,648,2346,2016-04-19,2346,2016-04-19,648,382,7,0,0.0,4.44000005722046,0.0,0.0,2016-04-19,6711,81.30099693251533,195.0,53.0
2347167796,2016-04-20,10999,7.26999998092651,7.26999998092651,0.0,0.680000007152557,1.80999994277954,4.78000020980835,0.0,11,43,269,1011,2198,2016-04-20,2198,2016-04-20,1011,269,43,11,0.0,4.78000020980835,1.80999994277954,0.680000007152557,2016-04-20,10999,78.18208496366685,161.0,53.0
2347167796,2016-04-21,10080,6.75,6.75,0.0,1.85000002384186,1.52999997138977,3.38000011444092,0.0,23,26,208,761,2048,2016-04-21,2048,2016-04-21,761,208,26,23,0.0,3.38000011444092,1.52999997138977,1.85000002384186,2016-04-21,10080,73.41425341802132,171.0,51.0
2347167796,2016-04-22,7804,5.15999984741211,5.15999984741211,0.0,0.560000002384186,1.67999994754791,2.92000007629395,0.0,9,27,206,781,1946,2016-04-22,1946,2016-04-22,781,206,27,9,0.0,2.92000007629395,1.67999994754791,0.560000002384186,2016-04-22,7804,71.99640209332752,165.0,53.0
2347167796,2016-04-23,16901,11.3699998855591,11.3699998855591,0.0,2.77999997138977,1.45000004768372,7.15000009536743,0.0,32,35,360,591,2629,2016-04-23,2629,2016-04-23,591,360,35,32,0.0,7.15000009536743,1.45000004768372,2.77999997138977,2016-04-23,16901,83.43309231897726,157.0,53.0
2347167796,2016-04-24,9471,6.26000022888184,6.26000022888184,0.0,0.0,0.0,6.26000022888184,0.0,0,0,360,584,2187,2016-04-24,2187,2016-04-24,584,360,0,0,0.0,6.26000022888184,0.0,0.0,2016-04-24,9471,77.57597373188406,127.0,54.0
2347167796,2016-04-25,9482,6.38000011444092,6.38000011444092,0.0,1.26999998092651,0.519999980926514,4.59999990463257,0.0,15,11,277,653,2095,2016-04-25,2095,2016-04-25,653,277,11,15,0.0,4.59999990463257,0.519999980926514,1.26999998092651,2016-04-25,9482,73.86135600335852,160.0,53.0
2347167796,2016-04-26,5980,3.95000004768372,3.95000004768372,0.0,0.0,0.0,3.95000004768372,0.0,0,0,227,732,1861,2016-04-26,1861,2016-04-26,732,227,0,0,0.0,3.95000004768372,0.0,0.0,2016-04-26,5980,71.73179652000444,122.0,49.0
2347167796,2016-04-27,11423,7.57999992370605,7.57999992370605,0.0,1.86000001430511,0.400000005960464,5.32000017166138,0.0,26,9,295,623,2194,2016-04-27,2194,2016-04-27,623,295,9,26,0.0,5.32000017166138,0.400000005960464,1.86000001430511,2016-04-27,11423,75.19362135263515,144.0,51.0
2347167796,2016-04-28,5439,3.59999990463257,3.59999990463257,0.0,0.0,0.0,3.59999990463257,0.0,0,0,229,764,1854,2016-04-28,1854,2016-04-28,764,229,0,0,0.0,3.59999990463257,0.0,0.0,2016-04-28,5439,73.40854132002218,138.0,55.0
2347167796,2016-04-29,42,0.0299999993294477,0.0299999993294477,0.0,0.0,0.0,0.0299999993294477,0.0,0,0,4,2,403,2016-04-29,403,2016-04-29,2,4,0,0,0.0,0.0299999993294477,0.0,0.0,2016-04-29,42,62.86971235194586,85.0,54.0
2873212765,2016-04-12,8796,5.90999984741211,5.90999984741211,0.0,0.109999999403954,0.930000007152557,4.88000011444092,0.0,2,21,356,1061,1982,2016-04-12,1982,2016-04-12,1061,356,21,2,0.0,4.88000011444092,0.930000007152557,0.109999999403954,2016-04-12,8796,,,
2873212765,2016-04-13,7618,5.11999988555908,5.11999988555908,0.0,0.0,0.219999998807907,4.88000011444092,0.0199999995529652,0,8,404,1028,2004,2016-04-13,2004,2016-04-13,1028,404,8,0,0.0199999995529652,4.88000011444092,0.219999998807907,0.0,2016-04-13,7618,,,
2873212765,2016-04-14,7910,5.32000017166138,5.32000017166138,0.0,0.0,0.0,5.32000017166138,0.0,0,0,331,1109,1893,2016-04-14,1893,2016-04-14,1109,331,0,0,0.0,5.32000017166138,0.0,0.0,2016-04-14,7910,,,
2873212765,2016-04-15,8482,5.69999980926514,5.69999980926514,0.0,0.0,0.0,5.69000005722046,0.0099999997764825,0,0,448,992,2063,2016-04-15,2063,2016-04-15,992,448,0,0,0.0099999997764825,5.69000005722046,0.0,0.0,2016-04-15,8482,,,
2873212765,2016-04-16,9685,6.65000009536743,6.65000009536743,0.0,3.10999989509583,0.0199999995529652,3.50999999046326,0.0099999997764825,47,1,305,1087,2148,2016-04-16,2148,2016-04-16,1087,305,1,47,0.0099999997764825,3.50999999046326,0.0199999995529652,3.10999989509583,2016-04-16,9685,,,
2873212765,2016-04-17,2524,1.70000004768372,1.70000004768372,0.0,0.0,0.349999994039536,1.3400000333786,0.0,0,8,160,1272,1529,2016-04-17,1529,2016-04-17,1272,160,8,0,0.0,1.3400000333786,0.349999994039536,0.0,2016-04-17,2524,,,
2873212765,2016-04-18,7762,5.23999977111816,5.23999977111816,0.0,0.0700000002980232,0.280000001192093,4.8899998664856,0.0,1,6,311,1122,1890,2016-04-18,1890,2016-04-18,1122,311,6,1,0.0,4.8899998664856,0.280000001192093,0.0700000002980232,2016-04-18,7762,,,
2873212765,2016-04-19,7948,5.36999988555908,5.36999988555908,0.0,0.0,0.0,5.3600001335144,0.0,0,0,389,1051,1956,2016-04-19,1956,2016-04-19,1051,389,0,0,0.0,5.3600001335144,0.0,0.0,2016-04-19,7948,,,
2873212765,2016-04-20,9202,6.30000019073486,6.30000019073486,0.0,1.50999999046326,0.119999997317791,4.65999984741211,0.0099999997764825,22,5,378,1035,2094,2016-04-20,2094,2016-04-20,1035,378,5,22,0.0099999997764825,4.65999984741211,0.119999997317791,1.50999999046326,2016-04-20,9202,,,
2873212765,2016-04-21,8859,5.98000001907349,5.98000001907349,0.0,0.129999995231628,0.370000004768372,5.46999979019165,0.0099999997764825,2,10,371,1057,1970,2016-04-21,1970,2016-04-21,1057,371,10,2,0.0099999997764825,5.46999979019165,0.370000004768372,0.129999995231628,2016-04-21,8859,,,
2873212765,2016-04-22,7286,4.90000009536743,4.90000009536743,0.0,0.46000000834465,0.0,4.42000007629395,0.0199999995529652,46,0,366,1028,2241,2016-04-22,2241,2016-04-22,1028,366,0,46,0.0199999995529652,4.42000007629395,0.0,0.46000000834465,2016-04-22,7286,,,
2873212765,2016-04-23,9317,6.34999990463257,6.34999990463257,0.0,2.08999991416931,0.230000004172325,4.01999998092651,0.0099999997764825,28,5,330,1077,2021,2016-04-23,2021,2016-04-23,1077,330,5,28,0.0099999997764825,4.01999998092651,0.230000004172325,2.08999991416931,2016-04-23,9317,,,
2873212765,2016-04-24,6873,4.67999982833862,4.67999982833862,0.0,3.0,0.0599999986588955,1.62000000476837,0.0,46,1,190,1203,1898,2016-04-24,1898,2016-04-24,1203,190,1,46,0.0,1.62000000476837,0.0599999986588955,3.0,2016-04-24,6873,,,
2873212765,2016-04-25,7373,4.94999980926514,4.94999980926514,0.0,0.0,0.0,4.94999980926514,0.0,0,0,359,1081,1907,2016-04-25,1907,2016-04-25,1081,359,0,0,0.0,4.94999980926514,0.0,0.0,2016-04-25,7373,,,
2873212765,2016-04-26,8242,5.53999996185303,5.53999996185303,0.0,0.119999997317791,0.180000007152557,5.23999977111816,0.0,2,5,309,1124,1882,2016-04-26,1882,2016-04-26,1124,309,5,2,0.0,5.23999977111816,0.180000007152557,0.119999997317791,2016-04-26,8242,,,
2873212765,2016-04-27,3516,2.35999989509583,2.35999989509583,0.0,0.0,0.0,2.35999989509583,0.0,46,0,197,1197,1966,2016-04-27,1966,2016-04-27,1197,197,0,46,0.0,2.35999989509583,0.0,0.0,2016-04-27,3516,,,
2873212765,2016-04-28,7913,5.40999984741211,5.40999984741211,0.0,2.16000008583069,0.340000003576279,2.91000008583069,0.0,28,7,213,1192,1835,2016-04-28,1835,2016-04-28,1192,213,7,28,0.0,2.91000008583069,0.340000003576279,2.16000008583069,2016-04-28,7913,,,
2873212765,2016-04-29,7365,4.94999980926514,4.94999980926514,0.0,1.36000001430511,1.4099999666214,2.1800000667572,0.0,20,23,206,1191,1780,2016-04-29,1780,2016-04-29,1191,206,23,20,0.0,2.1800000667572,1.4099999666214,1.36000001430511,2016-04-29,7365,,,
2873212765,2016-04-30,8452,5.67999982833862,5.67999982833862,0.0,0.330000013113022,1.08000004291534,4.26000022888184,0.0099999997764825,5,20,248,1167,1830,2016-04-30,1830,2016-04-30,1167,248,20,5,0.0099999997764825,4.26000022888184,1.08000004291534,0.330000013113022,2016-04-30,8452,,,
2873212765,2016-05-01,7399,4.96999979019165,4.96999979019165,0.0,0.490000009536743,1.03999996185303,3.44000005722046,0.0,7,18,196,1219,1739,2016-05-01,1739,2016-05-01,1219,196,18,7,0.0,3.44000005722046,1.03999996185303,0.490000009536743,2016-05-01,7399,,,
2873212765,2016-05-02,7525,5.05999994277954,5.05999994277954,0.0,0.0,0.209999993443489,4.82999992370605,0.0199999995529652,0,7,334,1099,1878,2016-05-02,1878,2016-05-02,1099,334,7,0,0.0199999995529652,4.82999992370605,0.209999993443489,0.0,2016-05-02,7525,,,
2873212765,2016-05-03,7412,4.98000001907349,4.98000001907349,0.0,0.0599999986588955,0.25,4.65999984741211,0.0099999997764825,1,6,363,1070,1906,2016-05-03,1906,2016-05-03,1070,363,6,1,0.0099999997764825,4.65999984741211,0.25,0.0599999986588955,2016-05-03,7412,,,
2873212765,2016-05-04,8278,5.55999994277954,5.55999994277954,0.0,0.0,0.0,5.55999994277954,0.0,0,0,420,1020,2015,2016-05-04,2015,2016-05-04,1020,420,0,0,0.0,5.55999994277954,0.0,0.0,2016-05-04,8278,,,
2873212765,2016-05-05,8314,5.6100001335144,5.6100001335144,0.0,0.779999971389771,0.800000011920929,4.03000020980835,0.0,13,23,311,1093,1971,2016-05-05,1971,2016-05-05,1093,311,23,13,0.0,4.03000020980835,0.800000011920929,0.779999971389771,2016-05-05,8314,,,
2873212765,2016-05-06,7063,4.75,4.75,0.0,0.0,0.119999997317791,4.6100001335144,0.0099999997764825,0,5,370,1065,1910,2016-05-06,1910,2016-05-06,1065,370,5,0,0.0099999997764825,4.6100001335144,0.119999997317791,0.0,2016-05-06,7063,,,
2873212765,2016-05-07,4940,3.38000011444092,3.38000011444092,0.0,2.27999997138977,0.550000011920929,0.550000011920929,0.0,75,11,52,1302,1897,2016-05-07,1897,2016-05-07,1302,52,11,75,0.0,0.550000011920929,0.550000011920929,2.27999997138977,2016-05-07,4940,,,
2873212765,2016-05-08,8168,5.53999996185303,5.53999996185303,0.0,2.90000009536743,0.0,2.64000010490417,0.0,46,0,326,1068,2096,2016-05-08,2096,2016-05-08,1068,326,0,46,0.0,2.64000010490417,0.0,2.90000009536743,2016-05-08,8168,,,
2873212765,2016-05-09,7726,5.19000005722046,5.19000005722046,0.0,0.0,0.0,5.19000005722046,0.0,0,0,345,1095,1906,2016-05-09,1906,2016-05-09,1095,345,0,0,0.0,5.19000005722046,0.0,0.0,2016-05-09,7726,,,
2873212765,2016-05-10,8275,5.55999994277954,5.55999994277954,0.0,0.0,0.0,5.55000019073486,0.0099999997764825,0,0,373,1067,1962,2016-05-10,1962,2016-05-10,1067,373,0,0,0.0099999997764825,5.55000019073486,0.0,0.0,2016-05-10,8275,,,
2873212765,2016-05-11,6440,4.32999992370605,4.32999992370605,0.0,0.0,0.0,4.32000017166138,0.0099999997764825,0,0,319,1121,1826,2016-05-11,1826,2016-05-11,1121,319,0,0,0.0099999997764825,4.32000017166138,0.0,0.0,2016-05-11,6440,,,
2873212765,2016-05-12,7566,5.1100001335144,5.1100001335144,0.0,0.0,0.0,5.1100001335144,0.0,0,0,268,720,1431,2016-05-12,1431,2016-05-12,720,268,0,0,0.0,5.1100001335144,0.0,0.0,2016-05-12,7566,,,
3372868164,2016-04-12,4747,3.24000000953674,3.24000000953674,0.0,0.0,0.0,3.23000001907349,0.0099999997764825,0,0,280,1160,1788,2016-04-12,1788,2016-04-12,1160,280,0,0,0.0099999997764825,3.23000001907349,0.0,0.0,2016-04-12,4747,,,
3372868164,2016-04-13,9715,6.63000011444092,6.63000011444092,0.0,0.990000009536743,0.340000003576279,5.26999998092651,0.0199999995529652,16,8,371,1045,2093,2016-04-13,2093,2016-04-13,1045,371,8,16,0.0199999995529652,5.26999998092651,0.340000003576279,0.990000009536743,2016-04-13,9715,,,
3372868164,2016-04-14,8844,6.03000020980835,6.03000020980835,0.0,0.340000003576279,1.02999997138977,4.65000009536743,0.0099999997764825,6,25,370,1039,2065,2016-04-14,2065,2016-04-14,1039,370,25,6,0.0099999997764825,4.65000009536743,1.02999997138977,0.340000003576279,2016-04-14,8844,,,
3372868164,2016-04-15,7451,5.07999992370605,5.07999992370605,0.0,0.0,0.0,5.05999994277954,0.0199999995529652,0,0,335,1105,1908,2016-04-15,1908,2016-04-15,1105,335,0,0,0.0199999995529652,5.05999994277954,0.0,0.0,2016-04-15,7451,,,
3372868164,2016-04-16,6905,4.73000001907349,4.73000001907349,0.0,0.0,0.0,4.69999980926514,0.0299999993294477,0,0,356,1084,1908,2016-04-16,1908,2016-04-16,1084,356,0,0,0.0299999993294477,4.69999980926514,0.0,0.0,2016-04-16,6905,,,
3372868164,2016-04-17,8199,5.88000011444092,5.88000011444092,0.0,1.4099999666214,0.100000001490116,4.3600001335144,0.0099999997764825,11,2,322,1105,1964,2016-04-17,1964,2016-04-17,1105,322,2,11,0.0099999997764825,4.3600001335144,0.100000001490116,1.4099999666214,2016-04-17,8199,,,
3372868164,2016-04-18,6798,4.6399998664856,4.6399998664856,0.0,1.08000004291534,0.200000002980232,3.34999990463257,0.0,20,7,343,1070,2014,2016-04-18,2014,2016-04-18,1070,343,7,20,0.0,3.34999990463257,0.200000002980232,1.08000004291534,2016-04-18,6798,,,
3372868164,2016-04-19,7711,5.26000022888184,5.26000022888184,0.0,0.0,0.0,5.23999977111816,0.0199999995529652,0,0,376,1064,1985,2016-04-19,1985,2016-04-19,1064,376,0,0,0.0199999995529652,5.23999977111816,0.0,0.0,2016-04-19,7711,,,
3372868164,2016-04-20,4880,3.32999992370605,3.32999992370605,0.0,0.839999973773956,0.0900000035762787,2.38000011444092,0.0199999995529652,15,3,274,1148,1867,2016-04-20,1867,2016-04-20,1148,274,3,15,0.0199999995529652,2.38000011444092,0.0900000035762787,0.839999973773956,2016-04-20,4880,,,
3372868164,2016-04-21,8857,6.07000017166138,6.07000017166138,0.0,1.14999997615814,0.259999990463257,4.6399998664856,0.0099999997764825,18,9,376,1037,2124,2016-04-21,2124,2016-04-21,1037,376,9,18,0.0099999997764825,4.6399998664856,0.259999990463257,1.14999997615814,2016-04-21,8857,,,
3372868164,2016-04-22,3843,2.61999988555908,2.61999988555908,0.0,0.0,0.0,2.60999989509583,0.0099999997764825,0,0,206,1234,1669,2016-04-22,1669,2016-04-22,1234,206,0,0,0.0099999997764825,2.60999989509583,0.0,0.0,2016-04-22,3843,,,
3372868164,2016-04-23,7396,5.07000017166138,5.07000017166138,0.0,1.39999997615814,0.0799999982118607,3.57999992370605,0.0,20,2,303,1115,1995,2016-04-23,1995,2016-04-23,1115,303,2,20,0.0,3.57999992370605,0.0799999982118607,1.39999997615814,2016-04-23,7396,,,
3372868164,2016-04-24,6731,4.59000015258789,4.59000015258789,0.0,0.889999985694885,0.189999997615814,3.49000000953674,0.0199999995529652,14,7,292,1127,1921,2016-04-24,1921,2016-04-24,1127,292,7,14,0.0199999995529652,3.49000000953674,0.189999997615814,0.889999985694885,2016-04-24,6731,,,
3372868164,2016-04-25,5995,4.09000015258789,4.09000015258789,0.0,0.0,0.0,4.09000015258789,0.0,0,0,416,1024,2010,2016-04-25,2010,2016-04-25,1024,416,0,0,0.0,4.09000015258789,0.0,0.0,2016-04-25,5995,,,
3372868164,2016-04-26,8283,5.78999996185303,5.78999996185303,0.0,1.85000002384186,0.0500000007450581,3.86999988555908,0.0099999997764825,22,2,333,1083,2057,2016-04-26,2057,2016-04-26,1083,333,2,22,0.0099999997764825,3.86999988555908,0.0500000007450581,1.85000002384186,2016-04-26,8283,,,
3372868164,2016-04-27,7904,5.42000007629395,5.42000007629395,0.0,1.58000004291534,0.629999995231628,3.19000005722046,0.0099999997764825,24,13,346,1057,2095,2016-04-27,2095,2016-04-27,1057,346,13,24,0.0099999997764825,3.19000005722046,0.629999995231628,1.58000004291534,2016-04-27,7904,,,
3372868164,2016-04-28,5512,3.75999999046326,3.75999999046326,0.0,0.0,0.0,3.75999999046326,0.0,0,0,385,1055,1972,2016-04-28,1972,2016-04-28,1055,385,0,0,0.0,3.75999999046326,0.0,0.0,2016-04-28,5512,,,
3372868164,2016-04-29,9135,6.23000001907349,6.23000001907349,0.0,0.0,0.0,6.21999979019165,0.0099999997764825,0,0,402,1038,2044,2016-04-29,2044,2016-04-29,1038,402,0,0,0.0099999997764825,6.21999979019165,0.0,0.0,2016-04-29,9135,,,
3372868164,2016-04-30,5250,3.57999992370605,3.57999992370605,0.0,1.05999994277954,0.0900000035762787,2.42000007629395,0.0099999997764825,17,4,300,1119,1946,2016-04-30,1946,2016-04-30,1119,300,4,17,0.0099999997764825,2.42000007629395,0.0900000035762787,1.05999994277954,2016-04-30,5250,,,
3372868164,2016-05-01,3077,2.09999990463257,2.09999990463257,0.0,0.0,0.0,2.08999991416931,0.0,0,0,172,842,1237,2016-05-01,1237,2016-05-01,842,172,0,0,0.0,2.08999991416931,0.0,0.0,2016-05-01,3077,,,
3977333714,2016-04-12,8856,5.98000001907349,5.98000001907349,0.0,3.05999994277954,0.910000026226044,2.00999999046326,0.0,44,19,131,777,1450,2016-04-12,1450,2016-04-12,777,131,19,44,0.0,2.00999999046326,0.910000026226044,3.05999994277954,2016-04-12,8856,,,
3977333714,2016-04-13,10035,6.71000003814697,6.71000003814697,0.0,2.02999997138977,2.13000011444092,2.54999995231628,0.0,31,46,153,754,1495,2016-04-13,1495,2016-04-13,754,153,46,31,0.0,2.54999995231628,2.13000011444092,2.02999997138977,2016-04-13,10035,,,
3977333714,2016-04-14,7641,5.1100001335144,5.1100001335144,0.0,0.319999992847443,0.970000028610229,3.8199999332428,0.0,5,23,214,801,1433,2016-04-14,1433,2016-04-14,801,214,23,5,0.0,3.8199999332428,0.970000028610229,0.319999992847443,2016-04-14,7641,,,
3977333714,2016-04-15,9010,6.05999994277954,6.05999994277954,0.0,1.04999995231628,1.75,3.25999999046326,0.0,15,42,183,644,1468,2016-04-15,1468,2016-04-15,644,183,42,15,0.0,3.25999999046326,1.75,1.04999995231628,2016-04-15,9010,,,
3977333714,2016-04-16,13459,9.0,9.0,0.0,2.02999997138977,4.0,2.97000002861023,0.0,31,83,153,663,1625,2016-04-16,1625,2016-04-16,663,153,83,31,0.0,2.97000002861023,4.0,2.02999997138977,2016-04-16,13459,,,
3977333714,2016-04-17,10415,6.96999979019165,6.96999979019165,0.0,0.699999988079071,2.34999990463257,3.92000007629395,0.0,11,58,205,600,1529,2016-04-17,1529,2016-04-17,600,205,58,11,0.0,3.92000007629395,2.34999990463257,0.699999988079071,2016-04-17,10415,,,
3977333714,2016-04-18,11663,7.80000019073486,7.80000019073486,0.0,0.25,3.73000001907349,3.8199999332428,0.0,4,95,214,605,1584,2016-04-18,1584,2016-04-18,605,214,95,4,0.0,3.8199999332428,3.73000001907349,0.25,2016-04-18,11663,,,
3977333714,2016-04-19,12414,8.77999973297119,8.77999973297119,0.0,2.24000000953674,2.45000004768372,3.96000003814697,0.0,19,67,221,738,1638,2016-04-19,1638,2016-04-19,738,221,67,19,0.0,3.96000003814697,2.45000004768372,2.24000000953674,2016-04-19,12414,,,
3977333714,2016-04-20,11658,7.82999992370605,7.82999992370605,0.0,0.200000002980232,4.34999990463257,3.27999997138977,0.0,2,98,164,845,1554,2016-04-20,1554,2016-04-20,845,164,98,2,0.0,3.27999997138977,4.34999990463257,0.200000002980232,2016-04-20,11658,,,
3977333714,2016-04-21,6093,4.07999992370605,4.07999992370605,0.0,0.0,0.0,4.05999994277954,0.0,0,0,242,712,1397,2016-04-21,1397,2016-04-21,712,242,0,0,0.0,4.05999994277954,0.0,0.0,2016-04-21,6093,,,
3977333714,2016-04-22,8911,5.96000003814697,5.96000003814697,0.0,2.32999992370605,0.579999983310699,3.05999994277954,0.0,33,12,188,731,1481,2016-04-22,1481,2016-04-22,731,188,12,33,0.0,3.05999994277954,0.579999983310699,2.32999992370605,2016-04-22,8911,,,
3977333714,2016-04-23,12058,8.06999969482422,8.06999969482422,0.0,0.0,4.21999979019165,3.84999990463257,0.0,0,92,252,724,1638,2016-04-23,1638,2016-04-23,724,252,92,0,0.0,3.84999990463257,4.21999979019165,0.0,2016-04-23,12058,,,
3977333714,2016-04-24,14112,10.0,10.0,0.0,3.26999998092651,4.55999994277954,2.17000007629395,0.0,30,95,129,660,1655,2016-04-24,1655,2016-04-24,660,129,95,30,0.0,2.17000007629395,4.55999994277954,3.26999998092651,2016-04-24,14112,,,
3977333714,2016-04-25,11177,8.47999954223633,8.47999954223633,0.0,5.61999988555908,0.430000007152557,2.41000008583069,0.0,50,9,133,781,1570,2016-04-25,1570,2016-04-25,781,133,9,50,0.0,2.41000008583069,0.430000007152557,5.61999988555908,2016-04-25,11177,,,
3977333714,2016-04-26,11388,7.61999988555908,7.61999988555908,0.0,0.449999988079071,4.21999979019165,2.95000004768372,0.0,7,95,170,797,1551,2016-04-26,1551,2016-04-26,797,170,95,7,0.0,2.95000004768372,4.21999979019165,0.449999988079071,2016-04-26,11388,,,
3977333714,2016-04-27,7193,5.03999996185303,5.03999996185303,0.0,0.0,0.419999986886978,4.61999988555908,0.0,0,10,176,714,1377,2016-04-27,1377,2016-04-27,714,176,10,0,0.0,4.61999988555908,0.419999986886978,0.0,2016-04-27,7193,,,
3977333714,2016-04-28,7114,4.88000011444092,4.88000011444092,0.0,1.37000000476837,0.28999999165535,3.22000002861023,0.0,15,8,190,804,1407,2016-04-28,1407,2016-04-28,804,190,8,15,0.0,3.22000002861023,0.28999999165535,1.37000000476837,2016-04-28,7114,,,
3977333714,2016-04-29,10645,7.75,7.75,0.0,3.74000000953674,1.29999995231628,2.71000003814697,0.0,36,32,150,744,1545,2016-04-29,1545,2016-04-29,744,150,32,36,0.0,2.71000003814697,1.29999995231628,3.74000000953674,2016-04-29,10645,,,
3977333714,2016-04-30,13238,9.19999980926514,9.19999980926514,0.0,3.69000005722046,2.09999990463257,3.41000008583069,0.0,43,52,194,687,1650,2016-04-30,1650,2016-04-30,687,194,52,43,0.0,3.41000008583069,2.09999990463257,3.69000005722046,2016-04-30,13238,,,
3977333714,2016-05-01,10414,7.07000017166138,7.07000017166138,0.0,2.67000007629395,1.98000001907349,2.41000008583069,0.0,41,40,124,691,1501,2016-05-01,1501,2016-05-01,691,124,40,41,0.0,2.41000008583069,1.98000001907349,2.67000007629395,2016-05-01,10414,,,
3977333714,2016-05-02,16520,11.0500001907349,11.0500001907349,0.0,1.53999996185303,6.48000001907349,3.01999998092651,0.0,24,143,176,713,1760,2016-05-02,1760,2016-05-02,713,176,143,24,0.0,3.01999998092651,6.48000001907349,1.53999996185303,2016-05-02,16520,,,
3977333714,2016-05-03,14335,9.59000015258789,9.59000015258789,0.0,3.3199999332428,1.74000000953674,4.53000020980835,0.0,47,41,258,594,1710,2016-05-03,1710,2016-05-03,594,258,41,47,0.0,4.53000020980835,1.74000000953674,3.3199999332428,2016-05-03,14335,,,
3977333714,2016-05-04,13559,9.4399995803833,9.4399995803833,0.0,1.80999994277954,4.57999992370605,2.89000010490417,0.0,14,96,142,852,1628,2016-05-04,1628,2016-05-04,852,142,96,14,0.0,2.89000010490417,4.57999992370605,1.80999994277954,2016-05-04,13559,,,
3977333714,2016-05-05,12312,8.57999992370605,8.57999992370605,0.0,1.75999999046326,4.1100001335144,2.71000003814697,0.0,14,88,178,680,1618,2016-05-05,1618,2016-05-05,680,178,88,14,0.0,2.71000003814697,4.1100001335144,1.75999999046326,2016-05-05,12312,,,
3977333714,2016-05-06,11677,8.27999973297119,8.27999973297119,0.0,3.10999989509583,2.50999999046326,2.67000007629395,0.0,29,55,168,676,1590,2016-05-06,1590,2016-05-06,676,168,55,29,0.0,2.67000007629395,2.50999999046326,3.10999989509583,2016-05-06,11677,,,
3977333714,2016-05-07,11550,7.73000001907349,7.73000001907349,0.0,0.0,4.13000011444092,3.58999991416931,0.0,0,86,208,703,1574,2016-05-07,1574,2016-05-07,703,208,86,0,0.0,3.58999991416931,4.13000011444092,0.0,2016-05-07,11550,,,
3977333714,2016-05-08,13585,9.09000015258789,9.09000015258789,0.0,0.680000007152557,5.23999977111816,3.17000007629395,0.0,9,116,171,688,1633,2016-05-08,1633,2016-05-08,688,171,116,9,0.0,3.17000007629395,5.23999977111816,0.680000007152557,2016-05-08,13585,,,
3977333714,2016-05-09,14687,10.0799999237061,10.0799999237061,0.0,0.769999980926514,5.59999990463257,3.54999995231628,0.0,8,122,151,1159,1667,2016-05-09,1667,2016-05-09,1159,151,122,8,0.0,3.54999995231628,5.59999990463257,0.769999980926514,2016-05-09,14687,,,
3977333714,2016-05-10,13072,8.77999973297119,8.77999973297119,0.0,0.0700000002980232,5.40000009536743,3.30999994277954,0.0,1,115,196,676,1630,2016-05-10,1630,2016-05-10,676,196,115,1,0.0,3.30999994277954,5.40000009536743,0.0700000002980232,2016-05-10,13072,,,
3977333714,2016-05-11,746,0.5,0.5,0.0,0.370000004768372,0.0,0.129999995231628,0.0,4,0,9,13,52,2016-05-11,52,2016-05-11,13,9,0,4,0.0,0.129999995231628,0.0,0.370000004768372,2016-05-11,746,,,
4020332650,2016-04-12,8539,6.11999988555908,6.11999988555908,0.0,0.150000005960464,0.239999994635582,5.67999982833862,0.0,4,15,331,712,3654,2016-04-12,3654,2016-04-12,712,331,15,4,0.0,5.67999982833862,0.239999994635582,0.150000005960464,2016-04-12,8539,83.4990136324824,133.0,49.0
4020332650,2016-04-13,0,0.0,0.0,0.0,0.0,0.0,0.0,0.0,0,0,0,1440,1981,2016-04-13,1981,2016-04-13,1440,0,0,0,0.0,0.0,0.0,0.0,2016-04-13,0,,,
4020332650,2016-04-14,108,0.0799999982118607,0.0799999982118607,0.0,0.0,0.0,0.0299999993294477,0.0,0,0,3,1437,2011,2016-04-14,2011,2016-04-14,1437,3,0,0,0.0,0.0299999993294477,0.0,0.0,2016-04-14,108,90.70096685082873,133.0,65.0
4020332650,2016-04-15,1882,1.35000002384186,1.35000002384186,0.0,0.209999993443489,0.360000014305115,0.769999980926514,0.0,36,18,87,1299,2951,2016-04-15,2951,2016-04-15,1299,87,18,36,0.0,0.769999980926514,0.360000014305115,0.209999993443489,2016-04-15,1882,92.92564172832739,191.0,51.0
4020332650,2016-04-16,1982,1.41999995708466,1.41999995708466,0.0,0.449999988079071,0.370000004768372,0.589999973773956,0.0,65,21,55,1222,3051,2016-04-16,3051,2016-04-16,1222,55,21,65,0.0,0.589999973773956,0.370000004768372,0.449999988079071,2016-04-16,1982,100.90332042707966,143.0,62.0
4020332650,2016-04-17,16,0.0099999997764825,0.0099999997764825,0.0,0.0,0.0,0.0099999997764825,0.0,0,0,2,1438,1990,2016-04-17,1990,2016-04-17,1438,2,0,0,0.0,0.0099999997764825,0.0,0.0,2016-04-17,16,98.82608695652173,116.0,66.0
4020332650,2016-04-18,62,0.0399999991059303,0.0399999991059303,0.0,0.0,0.0,0.0399999991059303,0.0,0,0,2,1438,1995,2016-04-18,1995,2016-04-18,1438,2,0,0,0.0,0.0399999991059303,0.0,0.0,2016-04-18,62,,,
4020332650,2016-04-19,0,0.0,0.0,0.0,0.0,0.0,0.0,0.0,0,0,0,1440,1980,2016-04-19,1980,2016-04-19,1440,0,0,0,0.0,0.0,0.0,0.0,2016-04-19,0,,,
4020332650,2016-04-20,0,0.0,0.0,0.0,0.0,0.0,0.0,0.0,0,0,0,1440,1980,2016-04-20,1980,2016-04-20,1440,0,0,0,0.0,0.0,0.0,0.0,2016-04-20,0,,,
4020332650,2016-04-21,0,0.0,0.0,0.0,0.0,0.0,0.0,0.0,0,0,0,1440,1980,2016-04-21,1980,2016-04-21,1440,0,0,0,0.0,0.0,0.0,0.0,2016-04-21,0,,,
4020332650,2016-04-22,0,0.0,0.0,0.0,0.0,0.0,0.0,0.0,0,0,0,1440,1980,2016-04-22,1980,2016-04-22,1440,0,0,0,0.0,0.0,0.0,0.0,2016-04-22,0,,,
4020332650,2016-04-23,0,0.0,0.0,0.0,0.0,0.0,0.0,0.0,0,0,0,1440,1980,2016-04-23,1980,2016-04-23,1440,0,0,0,0.0,0.0,0.0,0.0,2016-04-23,0,,,
4020332650,2016-04-24,0,0.0,0.0,0.0,0.0,0.0,0.0,0.0,0,0,0,1440,1980,2016-04-24,1980,2016-04-24,1440,0,0,0,0.0,0.0,0.0,0.0,2016-04-24,0,,,
4020332650,2016-04-25,0,0.0,0.0,0.0,0.0,0.0,0.0,0.0,0,0,0,1440,1980,2016-04-25,1980,2016-04-25,1440,0,0,0,0.0,0.0,0.0,0.0,2016-04-25,0,,,
4020332650,2016-04-26,0,0.0,0.0,0.0,0.0,0.0,0.0,0.0,0,0,0,1440,1980,2016-04-26,1980,2016-04-26,1440,0,0,0,0.0,0.0,0.0,0.0,2016-04-26,0,,,
4020332650,2016-04-27,0,0.0,0.0,0.0,0.0,0.0,0.0,0.0,0,0,0,1440,1980,2016-04-27,1980,2016-04-27,1440,0,0,0,0.0,0.0,0.0,0.0,2016-04-27,0,,,
4020332650,2016-04-28,0,0.0,0.0,0.0,0.0,0.0,0.0,0.0,0,0,0,1440,1980,2016-04-28,1980,2016-04-28,1440,0,0,0,0.0,0.0,0.0,0.0,2016-04-28,0,,,
4020332650,2016-04-29,0,0.0,0.0,0.0,0.0,0.0,0.0,0.0,0,0,0,1440,1980,2016-04-29,1980,2016-04-29,1440,0,0,0,0.0,0.0,0.0,0.0,2016-04-29,0,,,
4020332650,2016-04-30,0,0.0,0.0,0.0,0.0,0.0,0.0,0.0,0,0,0,1440,1980,2016-04-30,1980,2016-04-30,1440,0,0,0,0.0,0.0,0.0,0.0,2016-04-30,0,,,
4020332650,2016-05-01,0,0.0,0.0,0.0,0.0,0.0,0.0,0.0,0,0,0,1440,1980,2016-05-01,1980,2016-05-01,1440,0,0,0,0.0,0.0,0.0,0.0,2016-05-01,0,,,
4020332650,2016-05-02,475,0.340000003576279,0.340000003576279,0.0,0.0,0.0399999991059303,0.28999999165535,0.0,0,11,31,1350,2207,2016-05-02,2207,2016-05-02,1350,31,11,0,0.0,0.28999999165535,0.0399999991059303,0.0,2016-05-02,475,90.300934243622,123.0,66.0
4020332650,2016-05-03,4496,3.22000002861023,3.22000002861023,0.0,0.0,0.0,3.15000009536743,0.0500000007450581,0,0,174,950,2828,2016-05-03,2828,2016-05-03,950,174,0,0,0.0500000007450581,3.15000009536743,0.0,0.0,2016-05-03,4496,77.8770095559303,127.0,52.0
4020332650,2016-05-04,10252,7.34999990463257,7.34999990463257,0.0,0.670000016689301,1.03999996185303,5.57999992370605,0.0,13,46,346,531,3879,2016-05-04,3879,2016-05-04,531,346,46,13,0.0,5.57999992370605,1.03999996185303,0.670000016689301,2016-05-04,10252,83.4561661803678,147.0,49.0
4020332650,2016-05-05,11728,8.43000030517578,8.43000030517578,0.0,2.61999988555908,1.67999994754791,4.03999996185303,0.0700000002980232,38,42,196,916,3429,2016-05-05,3429,2016-05-05,916,196,42,38,0.0700000002980232,4.03999996185303,1.67999994754791,2.61999988555908,2016-05-05,11728,85.57474310689543,126.0,49.0
4020332650,2016-05-06,4369,3.13000011444092,3.13000011444092,0.0,0.0,0.0,3.09999990463257,0.0099999997764825,0,0,177,855,2704,2016-05-06,2704,2016-05-06,855,177,0,0,0.0099999997764825,3.09999990463257,0.0,0.0,2016-05-06,4369,75.64283228276422,116.0,50.0
4020332650,2016-05-07,6132,4.40000009536743,4.40000009536743,0.0,0.0,0.0,3.57999992370605,0.0,0,0,184,1256,2975,2016-05-07,2975,2016-05-07,1256,184,0,0,0.0,3.57999992370605,0.0,0.0,2016-05-07,6132,89.09170410302485,117.0,64.0
4020332650,2016-05-08,5862,4.19999980926514,4.19999980926514,0.0,0.0,0.0,4.15000009536743,0.0,0,0,263,775,3089,2016-05-08,3089,2016-05-08,775,263,0,0,0.0,4.15000009536743,0.0,0.0,2016-05-08,5862,78.0410612388964,131.0,51.0
4020332650,2016-05-09,4556,3.26999998092651,3.26999998092651,0.0,0.200000002980232,0.119999997317791,2.94000005722046,0.0,3,5,173,1225,2785,2016-05-09,2785,2016-05-09,1225,173,5,3,0.0,2.94000005722046,0.119999997317791,0.200000002980232,2016-05-09,4556,86.66172595520422,155.0,55.0
4020332650,2016-05-10,5546,3.98000001907349,3.98000001907349,0.0,0.0,0.0,3.86999988555908,0.0399999991059303,0,0,206,774,2926,2016-05-10,2926,2016-05-10,774,206,0,0,0.0399999991059303,3.86999988555908,0.0,0.0,2016-05-10,5546,72.61970379024775,142.0,46.0
4020332650,2016-05-11,3689,2.65000009536743,2.65000009536743,0.0,0.109999999403954,0.170000001788139,2.32999992370605,0.0,2,8,134,1296,2645,2016-05-11,2645,2016-05-11,1296,134,8,2,0.0,2.32999992370605,0.170000001788139,0.109999999403954,2016-05-11,3689,91.23313239044748,133.0,64.0
4020332650,2016-05-12,590,0.419999986886978,0.419999986886978,0.0,0.0,0.0,0.409999996423721,0.0,0,0,21,721,1120,2016-05-12,1120,2016-05-12,721,21,0,0,0.0,0.409999996423721,0.0,0.0,2016-05-12,590,94.26967370441459,125.0,70.0
4057192912,2016-04-12,5394,4.03000020980835,4.03000020980835,0.0,0.0,0.0,3.94000005722046,0.0,0,0,164,1276,2286,2016-04-12,2286,2016-04-12,1276,164,0,0,0.0,3.94000005722046,0.0,0.0,2016-04-12,5394,,,
4057192912,2016-04-13,5974,4.46999979019165,4.46999979019165,0.0,0.0,0.0,4.36999988555908,0.0,0,0,160,1280,2306,2016-04-13,2306,2016-04-13,1280,160,0,0,0.0,4.36999988555908,0.0,0.0,2016-04-13,5974,,,
4057192912,2016-04-14,0,0.0,0.0,0.0,0.0,0.0,0.0,0.0,0,0,0,1440,1776,2016-04-14,1776,2016-04-14,1440,0,0,0,0.0,0.0,0.0,0.0,2016-04-14,0,,,
4057192912,2016-04-15,3984,2.95000004768372,2.95000004768372,0.0,0.209999993443489,0.259999990463257,2.44000005722046,0.0,3,6,88,873,1527,2016-04-15,1527,2016-04-15,873,88,6,3,0.0,2.44000005722046,0.259999990463257,0.209999993443489,2016-04-15,3984,,,
4319703577,2016-04-12,7753,5.19999980926514,5.19999980926514,0.0,0.0,0.0,0.0,0.0,0,0,0,1440,2115,2016-04-12,2115,2016-04-12,1440,0,0,0,0.0,0.0,0.0,0.0,2016-04-12,7753,,,
4319703577,2016-04-13,8204,5.5,5.5,0.0,0.529999971389771,0.589999973773956,1.30999994277954,0.0,8,15,96,1234,2135,2016-04-13,2135,2016-04-13,1234,96,15,8,0.0,1.30999994277954,0.589999973773956,0.529999971389771,2016-04-13,8204,,,
4319703577,2016-04-14,10210,6.88000011444092,6.88000011444092,0.0,0.109999999403954,0.330000013113022,6.44000005722046,0.0,1,9,339,589,2302,2016-04-14,2302,2016-04-14,589,339,9,1,0.0,6.44000005722046,0.330000013113022,0.109999999403954,2016-04-14,10210,,,
4319703577,2016-04-15,5664,3.79999995231628,3.79999995231628,0.0,0.0,0.0,3.79999995231628,0.0,0,0,228,752,1985,2016-04-15,1985,2016-04-15,752,228,0,0,0.0,3.79999995231628,0.0,0.0,2016-04-15,5664,,,
4319703577,2016-04-16,4744,3.1800000667572,3.1800000667572,0.0,0.0,0.0,3.1800000667572,0.0,0,0,194,724,1884,2016-04-16,1884,2016-04-16,724,194,0,0,0.0,3.1800000667572,0.0,0.0,2016-04-16,4744,,,
4319703577,2016-04-17,29,0.0199999995529652,0.0199999995529652,0.0,0.0,0.0,0.0199999995529652,0.0,0,0,3,1363,1464,2016-04-17,1464,2016-04-17,1363,3,0,0,0.0,0.0199999995529652,0.0,0.0,2016-04-17,29,,,
4319703577,2016-04-18,2276,1.54999995231628,1.54999995231628,0.0,0.0700000002980232,0.330000013113022,1.12000000476837,0.0,1,9,58,824,1632,2016-04-18,1632,2016-04-18,824,58,9,1,0.0,1.12000000476837,0.330000013113022,0.0700000002980232,2016-04-18,2276,,,
4319703577,2016-04-19,8925,5.98999977111816,5.98999977111816,0.0,0.0,0.0,5.98999977111816,0.0,0,0,311,604,2200,2016-04-19,2200,2016-04-19,604,311,0,0,0.0,5.98999977111816,0.0,0.0,2016-04-19,8925,,,
4319703577,2016-04-20,8954,6.01000022888184,6.01000022888184,0.0,0.0,0.680000007152557,5.30999994277954,0.0,0,18,306,671,2220,2016-04-20,2220,2016-04-20,671,306,18,0,0.0,5.30999994277954,0.680000007152557,0.0,2016-04-20,8954,,,
4319703577,2016-04-21,3702,2.48000001907349,2.48000001907349,0.0,0.0,0.0,0.349999994039536,0.0,0,0,34,1265,1792,2016-04-21,1792,2016-04-21,1265,34,0,0,0.0,0.349999994039536,0.0,0.0,2016-04-21,3702,,,
4319703577,2016-04-22,4500,3.01999998092651,3.01999998092651,0.0,0.0599999986588955,0.810000002384186,2.15000009536743,0.0,1,19,176,709,1886,2016-04-22,1886,2016-04-22,709,176,19,1,0.0,2.15000009536743,0.810000002384186,0.0599999986588955,2016-04-22,4500,,,
4319703577,2016-04-23,4935,3.30999994277954,3.30999994277954,0.0,0.0,0.0,3.30999994277954,0.0,0,0,233,546,1945,2016-04-23,1945,2016-04-23,546,233,0,0,0.0,3.30999994277954,0.0,0.0,2016-04-23,4935,,,
4319703577,2016-04-24,4081,2.74000000953674,2.74000000953674,0.0,0.0599999986588955,0.200000002980232,2.47000002861023,0.0,1,5,191,692,1880,2016-04-24,1880,2016-04-24,692,191,5,1,0.0,2.47000002861023,0.200000002980232,0.0599999986588955,2016-04-24,4081,,,
4319703577,2016-04-25,9259,6.21000003814697,6.21000003814697,0.0,0.0,0.280000001192093,5.92999982833862,0.0,0,8,390,544,2314,2016-04-25,2314,2016-04-25,544,390,8,0,0.0,5.92999982833862,0.280000001192093,0.0,2016-04-25,9259,,,
4319703577,2016-04-26,9899,6.6399998664856,6.6399998664856,0.0,0.569999992847443,0.920000016689301,5.15000009536743,0.0,8,21,288,649,2236,2016-04-26,2236,2016-04-26,649,288,21,8,0.0,5.15000009536743,0.920000016689301,0.569999992847443,2016-04-26,9899,,,
4319703577,2016-04-27,10780,7.23000001907349,7.23000001907349,0.0,0.409999996423721,1.91999995708466,4.90999984741211,0.0,6,47,300,680,2324,2016-04-27,2324,2016-04-27,680,300,47,6,0.0,4.90999984741211,1.91999995708466,0.409999996423721,2016-04-27,10780,,,
4319703577,2016-04-28,10817,7.28000020980835,7.28000020980835,0.0,1.00999999046326,0.330000013113022,5.94000005722046,0.0,13,8,359,552,2367,2016-04-28,2367,2016-04-28,552,359,8,13,0.0,5.94000005722046,0.330000013113022,1.00999999046326,2016-04-28,10817,,,
4319703577,2016-04-29,7990,5.3600001335144,5.3600001335144,0.0,0.449999988079071,0.790000021457672,4.11999988555908,0.0,6,18,289,624,2175,2016-04-29,2175,2016-04-29,624,289,18,6,0.0,4.11999988555908,0.790000021457672,0.449999988079071,2016-04-29,7990,,,
4319703577,2016-04-30,8221,5.51999998092651,5.51999998092651,0.0,0.400000005960464,1.61000001430511,3.50999999046326,0.0,6,38,196,695,2092,2016-04-30,2092,2016-04-30,695,196,38,6,0.0,3.50999999046326,1.61000001430511,0.400000005960464,2016-04-30,8221,,,
4319703577,2016-05-01,1251,0.839999973773956,0.839999973773956,0.0,0.0,0.0,0.839999973773956,0.0,0,0,67,836,1593,2016-05-01,1593,2016-05-01,836,67,0,0,0.0,0.839999973773956,0.0,0.0,2016-05-01,1251,,,
4319703577,2016-05-02,9261,6.23999977111816,6.23999977111816,0.0,0.0,0.439999997615814,5.71000003814697,0.0,0,11,344,585,2270,2016-05-02,2270,2016-05-02,585,344,11,0,0.0,5.71000003814697,0.439999997615814,0.0,2016-05-02,9261,,,
4319703577,2016-05-03,9648,6.46999979019165,6.46999979019165,0.0,0.579999983310699,1.07000005245209,4.82999992370605,0.0,8,26,287,669,2235,2016-05-03,2235,2016-05-03,669,287,26,8,0.0,4.82999992370605,1.07000005245209,0.579999983310699,2016-05-03,9648,,,
4319703577,2016-05-04,10429,7.01999998092651,7.01999998092651,0.0,0.589999973773956,0.579999983310699,5.84999990463257,0.0,8,13,313,1106,2282,2016-05-04,2282,2016-05-04,1106,313,13,8,0.0,5.84999990463257,0.579999983310699,0.589999973773956,2016-05-04,10429,,,
4319703577,2016-05-05,13658,9.48999977111816,9.48999977111816,0.0,2.63000011444092,1.4099999666214,5.44999980926514,0.0,27,34,328,957,2530,2016-05-05,2530,2016-05-05,957,328,34,27,0.0,5.44999980926514,1.4099999666214,2.63000011444092,2016-05-05,13658,,,
4319703577,2016-05-06,9524,6.42000007629395,6.42000007629395,0.0,0.409999996423721,0.469999998807907,5.46000003814697,0.0,6,11,314,692,2266,2016-05-06,2266,2016-05-06,692,314,11,6,0.0,5.46000003814697,0.469999998807907,0.409999996423721,2016-05-06,9524,,,
4319703577,2016-05-07,7937,5.32999992370605,5.32999992370605,0.0,0.189999997615814,1.04999995231628,4.07999992370605,0.0,3,28,279,586,2158,2016-05-07,2158,2016-05-07,586,279,28,3,0.0,4.07999992370605,1.04999995231628,0.189999997615814,2016-05-07,7937,,,
4319703577,2016-05-08,3672,2.46000003814697,2.46000003814697,0.0,0.0,0.0,2.46000003814697,0.0,0,0,153,603,1792,2016-05-08,1792,2016-05-08,603,153,0,0,0.0,2.46000003814697,0.0,0.0,2016-05-08,3672,,,
4319703577,2016-05-09,10378,6.96000003814697,6.96000003814697,0.0,0.140000000596046,0.560000002384186,6.25,0.0,2,14,374,490,2345,2016-05-09,2345,2016-05-09,490,374,14,2,0.0,6.25,0.560000002384186,0.140000000596046,2016-05-09,10378,,,
4319703577,2016-05-10,9487,6.36999988555908,6.36999988555908,0.0,0.209999993443489,0.46000000834465,5.69999980926514,0.0,3,12,329,555,2260,2016-05-10,2260,2016-05-10,555,329,12,3,0.0,5.69999980926514,0.46000000834465,0.209999993443489,2016-05-10,9487,,,
4319703577,2016-05-11,9129,6.13000011444092,6.13000011444092,0.0,0.200000002980232,0.740000009536743,5.17999982833862,0.0,3,18,311,574,2232,2016-05-11,2232,2016-05-11,574,311,18,3,0.0,5.17999982833862,0.740000009536743,0.200000002980232,2016-05-11,9129,,,
4319703577,2016-05-12,17,0.0099999997764825,0.0099999997764825,0.0,0.0,0.0,0.0099999997764825,0.0,0,0,2,0,257,2016-05-12,257,2016-05-12,0,2,0,0,0.0,0.0099999997764825,0.0,0.0,2016-05-12,17,,,
4388161847,2016-04-12,10122,7.78000020980835,7.78000020980835,0.0,0.0,0.0,0.0,0.0,0,0,0,1440,2955,2016-04-12,2955,2016-04-12,1440,0,0,0,0.0,0.0,0.0,0.0,2016-04-12,10122,,,
4388161847,2016-04-13,10993,8.44999980926514,8.44999980926514,0.0,0.0599999986588955,0.629999995231628,3.88000011444092,0.0,1,14,150,1275,3092,2016-04-13,3092,2016-04-13,1275,150,14,1,0.0,3.88000011444092,0.629999995231628,0.0599999986588955,2016-04-13,10993,67.04312865497076,130.0,45.0
4388161847,2016-04-14,8863,6.82000017166138,6.82000017166138,0.0,0.129999995231628,1.07000005245209,5.61999988555908,0.0,10,35,219,945,2998,2016-04-14,2998,2016-04-14,945,219,35,10,0.0,5.61999988555908,1.07000005245209,0.129999995231628,2016-04-14,8863,68.43871753246754,132.0,48.0
4388161847,2016-04-15,8758,6.73000001907349,6.73000001907349,0.0,0.0,0.0,6.73000001907349,0.0,0,0,299,837,3066,2016-04-15,3066,2016-04-15,837,299,0,0,0.0,6.73000001907349,0.0,0.0,2016-04-15,8758,67.47093970668115,127.0,44.0
4388161847,2016-04-16,6580,5.05999994277954,5.05999994277954,0.0,0.209999993443489,0.400000005960464,4.44999980926514,0.0,6,9,253,609,3073,2016-04-16,3073,2016-04-16,609,253,9,6,0.0,4.44999980926514,0.400000005960464,0.209999993443489,2016-04-16,6580,75.47658862876254,142.0,56.0
4388161847,2016-04-17,4660,3.57999992370605,3.57999992370605,0.0,0.0,0.0,3.57999992370605,0.0,0,0,201,721,2572,2016-04-17,2572,2016-04-17,721,201,0,0,0.0,3.57999992370605,0.0,0.0,2016-04-17,4660,66.39134502923977,113.0,49.0
4388161847,2016-04-18,11009,9.10000038146973,9.10000038146973,0.0,3.55999994277954,0.400000005960464,5.1399998664856,0.0,27,8,239,1017,3274,2016-04-18,3274,2016-04-18,1017,239,8,27,0.0,5.1399998664856,0.400000005960464,3.55999994277954,2016-04-18,11009,81.49099490746491,176.0,50.0
4388161847,2016-04-19,10181,7.82999992370605,7.82999992370605,0.0,1.37000000476837,0.689999997615814,5.76999998092651,0.0,20,16,249,704,3015,2016-04-19,3015,2016-04-19,704,249,16,20,0.0,5.76999998092651,0.689999997615814,1.37000000476837,2016-04-19,10181,65.5324563295234,136.0,46.0
4388161847,2016-04-20,10553,8.11999988555908,8.11999988555908,0.0,1.10000002384186,1.72000002861023,5.28999996185303,0.0,19,42,228,696,3083,2016-04-20,3083,2016-04-20,696,228,42,19,0.0,5.28999996185303,1.72000002861023,1.10000002384186,2016-04-20,10553,65.40125868055556,149.0,46.0
4388161847,2016-04-21,10055,7.73000001907349,7.73000001907349,0.0,0.370000004768372,0.389999985694885,6.98000001907349,0.0,7,12,272,853,3069,2016-04-21,3069,2016-04-21,853,272,12,7,0.0,6.98000001907349,0.389999985694885,0.370000004768372,2016-04-21,10055,63.099279119767296,146.0,42.0
4388161847,2016-04-22,12139,9.34000015258789,9.34000015258789,0.0,3.29999995231628,1.11000001430511,4.92000007629395,0.0,77,25,220,945,3544,2016-04-22,3544,2016-04-22,945,220,25,77,0.0,4.92000007629395,1.11000001430511,3.29999995231628,2016-04-22,12139,73.27719923266649,149.0,49.0
4388161847,2016-04-23,13236,10.1800003051758,10.1800003051758,0.0,4.5,0.319999992847443,5.34999990463257,0.0,58,5,215,749,3306,2016-04-23,3306,2016-04-23,749,215,5,58,0.0,5.34999990463257,0.319999992847443,4.5,2016-04-23,13236,67.08074201158053,158.0,44.0
4388161847,2016-04-24,10243,7.88000011444092,7.88000011444092,0.0,1.08000004291534,0.509999990463257,6.30000019073486,0.0,14,8,239,584,2885,2016-04-24,2885,2016-04-24,584,239,8,14,0.0,6.30000019073486,0.509999990463257,1.08000004291534,2016-04-24,10243,62.10169687175343,139.0,44.0
4388161847,2016-04-25,12961,9.97000026702881,9.97000026702881,0.0,0.730000019073486,1.39999997615814,7.84000015258789,0.0,11,31,301,1054,3288,2016-04-25,3288,2016-04-25,1054,301,31,11,0.0,7.84000015258789,1.39999997615814,0.730000019073486,2016-04-25,12961,67.51205052197449,150.0,45.0
4388161847,2016-04-26,9461,7.28000020980835,7.28000020980835,0.0,0.939999997615814,1.05999994277954,5.26999998092651,0.0,14,23,224,673,2929,2016-04-26,2929,2016-04-26,673,224,23,14,0.0,5.26999998092651,1.05999994277954,0.939999997615814,2016-04-26,9461,62.51359843970094,128.0,42.0
4388161847,2016-04-27,11193,8.60999965667725,8.60999965667725,0.0,0.699999988079071,2.50999999046326,5.3899998664856,0.0,11,48,241,684,3074,2016-04-27,3074,2016-04-27,684,241,48,11,0.0,5.3899998664856,2.50999999046326,0.699999988079071,2016-04-27,11193,62.120521869318786,153.0,42.0
4388161847,2016-04-28,10074,7.75,7.75,0.0,1.28999996185303,0.430000007152557,6.03000020980835,0.0,19,9,234,878,2969,2016-04-28,2969,2016-04-28,878,234,9,19,0.0,6.03000020980835,0.430000007152557,1.28999996185303,2016-04-28,10074,62.32648343180067,131.0,41.0
4388161847,2016-04-29,9232,7.09999990463257,7.09999990463257,0.0,0.800000011920929,0.889999985694885,5.42000007629395,0.0,13,16,236,1175,2979,2016-04-29,2979,2016-04-29,1175,236,16,13,0.0,5.42000007629395,0.889999985694885,0.800000011920929,2016-04-29,9232,66.10588863666712,133.0,44.0
4388161847,2016-04-30,12533,9.64000034332275,9.64000034332275,0.0,0.699999988079071,2.0,6.94000005722046,0.0,14,43,300,537,3283,2016-04-30,3283,2016-04-30,537,300,43,14,0.0,6.94000005722046,2.0,0.699999988079071,2016-04-30,12533,64.22769296925392,113.0,45.0
4388161847,2016-05-01,10255,7.8899998664856,7.8899998664856,0.0,1.00999999046326,0.680000007152557,6.19999980926514,0.0,12,15,241,579,2926,2016-05-01,2926,2016-05-01,579,241,15,12,0.0,6.19999980926514,0.680000007152557,1.00999999046326,2016-05-01,10255,60.02217947267172,105.0,39.0
4388161847,2016-05-02,10096,8.39999961853027,8.39999961853027,0.0,3.76999998092651,0.0799999982118607,4.55000019073486,0.0,33,4,204,935,3147,2016-05-02,3147,2016-05-02,935,204,4,33,0.0,4.55000019073486,0.0799999982118607,3.76999998092651,2016-05-02,10096,66.39496105160661,180.0,43.0
4388161847,2016-05-03,12727,9.78999996185303,9.78999996185303,0.0,1.12999999523163,0.779999971389771,7.88000011444092,0.0,18,18,306,984,3290,2016-05-03,3290,2016-05-03,984,306,18,18,0.0,7.88000011444092,0.779999971389771,1.12999999523163,2016-05-03,12727,66.62235142118863,135.0,44.0
4388161847,2016-05-04,12375,9.52000045776367,9.52000045776367,0.0,2.78999996185303,0.930000007152557,5.80000019073486,0.0,35,21,251,632,3162,2016-05-04,3162,2016-05-04,632,251,21,35,0.0,5.80000019073486,0.930000007152557,2.78999996185303,2016-05-04,12375,61.94766681203663,126.0,42.0
4388161847,2016-05-05,9603,7.38000011444092,7.38000011444092,0.0,0.629999995231628,1.66999995708466,5.09000015258789,0.0,12,39,199,896,2899,2016-05-05,2899,2016-05-05,896,199,39,12,0.0,5.09000015258789,1.66999995708466,0.629999995231628,2016-05-05,9603,61.041297935103245,123.0,42.0
4388161847,2016-05-06,13175,10.1300001144409,10.1300001144409,0.0,2.10999989509583,2.08999991416931,5.92999982833862,0.0,33,45,262,1100,3425,2016-05-06,3425,2016-05-06,1100,262,45,33,0.0,5.92999982833862,2.08999991416931,2.10999989509583,2016-05-06,13175,69.07669760625305,151.0,47.0
4388161847,2016-05-07,22770,17.5400009155273,17.5400009155273,0.0,9.44999980926514,2.76999998092651,5.32999992370605,0.0,120,56,260,508,4022,2016-05-07,4022,2016-05-07,508,260,56,120,0.0,5.32999992370605,2.76999998092651,9.44999980926514,2016-05-07,22770,66.62712040795088,153.0,41.0
4388161847,2016-05-08,17298,14.3800001144409,14.3800001144409,0.0,9.89000034332275,1.25999999046326,3.23000001907349,0.0,107,38,178,576,3934,2016-05-08,3934,2016-05-08,576,178,38,107,0.0,3.23000001907349,1.25999999046326,9.89000034332275,2016-05-08,17298,76.78011037766476,171.0,43.0
4388161847,2016-05-09,10218,7.8600001335144,7.8600001335144,0.0,0.340000003576279,0.730000019073486,6.78999996185303,0.0,6,19,258,1020,3013,2016-05-09,3013,2016-05-09,1020,258,19,6,0.0,6.78999996185303,0.730000019073486,0.340000003576279,2016-05-09,10218,64.05171717171717,140.0,44.0
4388161847,2016-05-10,10299,7.92000007629395,7.92000007629395,0.0,0.810000002384186,0.649999976158142,6.46000003814697,0.0,13,14,267,648,3061,2016-05-10,3061,2016-05-10,648,267,14,13,0.0,6.46000003814697,0.649999976158142,0.810000002384186,2016-05-10,10299,61.22121701669359,121.0,41.0
4388161847,2016-05-11,10201,7.84000015258789,7.84000015258789,0.0,0.529999971389771,0.790000021457672,6.53000020980835,0.0,8,18,256,858,2954,2016-05-11,2954,2016-05-11,858,256,18,8,0.0,6.53000020980835,0.790000021457672,0.529999971389771,2016-05-11,10201,59.97196611014204,125.0,40.0
4388161847,2016-05-12,3369,2.58999991416931,2.58999991416931,0.0,0.0,0.0,2.58999991416931,0.0,0,0,108,825,1623,2016-05-12,1623,2016-05-12,825,108,0,0,0.0,2.58999991416931,0.0,0.0,2016-05-12,3369,60.24690976514215,136.0,44.0
4445114986,2016-04-12,3276,2.20000004768372,2.20000004768372,0.0,0.0,0.0,2.20000004768372,0.0,0,0,196,787,2113,2016-04-12,2113,2016-04-12,787,196,0,0,0.0,2.20000004768372,0.0,0.0,2016-04-12,3276,,,
4445114986,2016-04-13,2961,1.99000000953674,1.99000000953674,0.0,0.0,0.0,1.99000000953674,0.0,0,0,194,840,2095,2016-04-13,2095,2016-04-13,840,194,0,0,0.0,1.99000000953674,0.0,0.0,2016-04-13,2961,,,
4445114986,2016-04-14,3974,2.67000007629395,2.67000007629395,0.0,0.0,0.0,2.67000007629395,0.0,0,0,231,717,2194,2016-04-14,2194,2016-04-14,717,231,0,0,0.0,2.67000007629395,0.0,0.0,2016-04-14,3974,,,
4445114986,2016-04-15,7198,4.82999992370605,4.82999992370605,0.0,0.0,0.0,4.82999992370605,0.0,0,0,350,711,2496,2016-04-15,2496,2016-04-15,711,350,0,0,0.0,4.82999992370605,0.0,0.0,2016-04-15,7198,,,
4445114986,2016-04-16,3945,2.65000009536743,2.65000009536743,0.0,0.0,0.0,2.65000009536743,0.0,0,0,225,716,2180,2016-04-16,2180,2016-04-16,716,225,0,0,0.0,2.65000009536743,0.0,0.0,2016-04-16,3945,,,
4445114986,2016-04-17,2268,1.51999998092651,1.51999998092651,0.0,0.0,0.0,1.51999998092651,0.0,0,0,114,1219,1933,2016-04-17,1933,2016-04-17,1219,114,0,0,0.0,1.51999998092651,0.0,0.0,2016-04-17,2268,,,
4445114986,2016-04-18,6155,4.23999977111816,4.23999977111816,0.0,2.0,0.28999999165535,1.95000004768372,0.0,25,6,162,1247,2248,2016-04-18,2248,2016-04-18,1247,162,6,25,0.0,1.95000004768372,0.28999999165535,2.0,2016-04-18,6155,,,
4445114986,2016-04-19,2064,1.38999998569489,1.38999998569489,0.0,0.0,0.0,1.38999998569489,0.0,0,0,121,895,1954,2016-04-19,1954,2016-04-19,895,121,0,0,0.0,1.38999998569489,0.0,0.0,2016-04-19,2064,,,
4445114986,2016-04-20,2072,1.38999998569489,1.38999998569489,0.0,0.0,0.0,1.38999998569489,0.0,0,0,137,841,1974,2016-04-20,1974,2016-04-20,841,137,0,0,0.0,1.38999998569489,0.0,0.0,2016-04-20,2072,,,
4445114986,2016-04-21,3809,2.55999994277954,2.55999994277954,0.0,0.0,0.0,2.53999996185303,0.0,0,0,215,756,2150,2016-04-21,2150,2016-04-21,756,215,0,0,0.0,2.53999996185303,0.0,0.0,2016-04-21,3809,,,
4445114986,2016-04-22,6831,4.57999992370605,4.57999992370605,0.0,0.0,0.0,4.57999992370605,0.0,0,0,317,706,2432,2016-04-22,2432,2016-04-22,706,317,0,0,0.0,4.57999992370605,0.0,0.0,2016-04-22,6831,,,
4445114986,2016-04-23,4363,2.9300000667572,2.9300000667572,0.0,0.0,0.0,2.9300000667572,0.0,0,0,201,1239,2149,2016-04-23,2149,2016-04-23,1239,201,0,0,0.0,2.9300000667572,0.0,0.0,2016-04-23,4363,,,
4445114986,2016-04-24,5002,3.35999989509583,3.35999989509583,0.0,0.0,0.0,3.35999989509583,0.0,0,0,244,1196,2247,2016-04-24,2247,2016-04-24,1196,244,0,0,0.0,3.35999989509583,0.0,0.0,2016-04-24,5002,,,
4445114986,2016-04-25,3385,2.26999998092651,2.26999998092651,0.0,0.0,0.0,2.26999998092651,0.0,0,0,179,916,2070,2016-04-25,2070,2016-04-25,916,179,0,0,0.0,2.26999998092651,0.0,0.0,2016-04-25,3385,,,
4445114986,2016-04-26,6326,4.40999984741211,4.40999984741211,0.0,2.41000008583069,0.0399999991059303,1.96000003814697,0.0,29,1,180,839,2291,2016-04-26,2291,2016-04-26,839,180,1,29,0.0,1.96000003814697,0.0399999991059303,2.41000008583069,2016-04-26,6326,,,
4445114986,2016-04-27,7243,5.03000020980835,5.03000020980835,0.0,2.61999988555908,0.0299999993294477,2.38000011444092,0.0,32,1,194,839,2361,2016-04-27,2361,2016-04-27,839,194,1,32,0.0,2.38000011444092,0.0299999993294477,2.61999988555908,2016-04-27,7243,,,
4445114986,2016-04-28,4493,3.00999999046326,3.00999999046326,0.0,0.0,0.0,3.00999999046326,0.0,0,0,236,762,2203,2016-04-28,2203,2016-04-28,762,236,0,0,0.0,3.00999999046326,0.0,0.0,2016-04-28,4493,,,
4445114986,2016-04-29,4676,3.14000010490417,3.14000010490417,0.0,0.0,0.0,3.13000011444092,0.0,0,0,226,1106,2196,2016-04-29,2196,2016-04-29,1106,226,0,0,0.0,3.13000011444092,0.0,0.0,2016-04-29,4676,,,
4445114986,2016-04-30,6222,4.17999982833862,4.17999982833862,0.0,0.0,0.0,4.17999982833862,0.0,0,0,290,797,2363,2016-04-30,2363,2016-04-30,797,290,0,0,0.0,4.17999982833862,0.0,0.0,2016-04-30,6222,,,
4445114986,2016-05-01,5232,3.50999999046326,3.50999999046326,0.0,0.0,0.0,3.50999999046326,0.0,0,0,240,741,2246,2016-05-01,2246,2016-05-01,741,240,0,0,0.0,3.50999999046326,0.0,0.0,2016-05-01,5232,,,
4445114986,2016-05-02,6910,4.75,4.75,0.0,2.21000003814697,0.189999997615814,2.34999990463257,0.0,27,4,200,667,2336,2016-05-02,2336,2016-05-02,667,200,4,27,0.0,2.34999990463257,0.189999997615814,2.21000003814697,2016-05-02,6910,,,
4445114986,2016-05-03,7502,5.17999982833862,5.17999982833862,0.0,2.48000001907349,0.109999999403954,2.57999992370605,0.0,30,2,233,725,2421,2016-05-03,2421,2016-05-03,725,233,2,30,0.0,2.57999992370605,0.109999999403954,2.48000001907349,2016-05-03,7502,,,
4445114986,2016-05-04,2923,1.96000003814697,1.96000003814697,0.0,0.0,0.0,1.96000003814697,0.0,0,0,180,897,2070,2016-05-04,2070,2016-05-04,897,180,0,0,0.0,1.96000003814697,0.0,0.0,2016-05-04,2923,,,
4445114986,2016-05-05,3800,2.54999995231628,2.54999995231628,0.0,0.119999997317791,0.239999994635582,2.1800000667572,0.0,2,6,185,734,2120,2016-05-05,2120,2016-05-05,734,185,6,2,0.0,2.1800000667572,0.239999994635582,0.119999997317791,2016-05-05,3800,,,
4445114986,2016-05-06,4514,3.02999997138977,3.02999997138977,0.0,0.0,0.0,3.02999997138977,0.0,0,0,229,809,2211,2016-05-06,2211,2016-05-06,809,229,0,0,0.0,3.02999997138977,0.0,0.0,2016-05-06,4514,,,
4445114986,2016-05-07,5183,3.58999991416931,3.58999991416931,0.0,2.13000011444092,0.189999997615814,1.25,0.0,26,4,108,866,2123,2016-05-07,2123,2016-05-07,866,108,4,26,0.0,1.25,0.189999997615814,2.13000011444092,2016-05-07,5183,,,
4445114986,2016-05-08,7303,4.90000009536743,4.90000009536743,0.0,0.0,0.25,4.65000009536743,0.0,0,8,308,733,2423,2016-05-08,2423,2016-05-08,733,308,8,0,0.0,4.65000009536743,0.25,0.0,2016-05-08,7303,,,
4445114986,2016-05-09,5275,3.53999996185303,3.53999996185303,0.0,0.0,0.0,3.53999996185303,0.0,0,0,266,641,2281,2016-05-09,2281,2016-05-09,641,266,0,0,0.0,3.53999996185303,0.0,0.0,2016-05-09,5275,,,
4445114986,2016-05-10,3915,2.63000011444092,2.63000011444092,0.0,0.0,0.0,2.63000011444092,0.0,0,0,231,783,2181,2016-05-10,2181,2016-05-10,783,231,0,0,0.0,2.63000011444092,0.0,0.0,2016-05-10,3915,,,
4445114986,2016-05-11,9105,6.1100001335144,6.1100001335144,0.0,2.25,1.0,2.85999989509583,0.0,34,22,232,622,2499,2016-05-11,2499,2016-05-11,622,232,22,34,0.0,2.85999989509583,1.0,2.25,2016-05-11,9105,,,
4445114986,2016-05-12,768,0.519999980926514,0.519999980926514,0.0,0.0,0.0,0.519999980926514,0.0,0,0,58,380,1212,2016-05-12,1212,2016-05-12,380,58,0,0,0.0,0.519999980926514,0.0,0.0,2016-05-12,768,,,
4558609924,2016-04-12,5135,3.39000010490417,3.39000010490417,0.0,0.0,0.0,3.39000010490417,0.0,0,0,318,1122,1909,2016-04-12,1909,2016-04-12,1122,318,0,0,0.0,3.39000010490417,0.0,0.0,2016-04-12,5135,76.63937719738824,104.0,57.0
4558609924,2016-04-13,4978,3.28999996185303,3.28999996185303,0.0,1.24000000953674,0.439999997615814,1.61000001430511,0.0,19,7,127,1287,1722,2016-04-13,1722,2016-04-13,1287,127,7,19,0.0,1.61000001430511,0.439999997615814,1.24000000953674,2016-04-13,4978,85.10215664018162,144.0,64.0
4558609924,2016-04-14,6799,4.48999977111816,4.48999977111816,0.0,0.0,0.0,4.48999977111816,0.0,0,0,279,1161,1922,2016-04-14,1922,2016-04-14,1161,279,0,0,0.0,4.48999977111816,0.0,0.0,2016-04-14,6799,81.55655599324704,108.0,56.0
4558609924,2016-04-15,7795,5.15000009536743,5.15000009536743,0.0,0.589999973773956,0.839999973773956,3.73000001907349,0.0,17,30,262,1131,2121,2016-04-15,2121,2016-04-15,1131,262,30,17,0.0,3.73000001907349,0.839999973773956,0.589999973773956,2016-04-15,7795,90.86349049617378,146.0,58.0
4558609924,2016-04-16,7289,4.82000017166138,4.82000017166138,0.0,0.550000011920929,0.75,3.5,0.0,8,12,308,1112,1997,2016-04-16,1997,2016-04-16,1112,308,12,8,0.0,3.5,0.75,0.550000011920929,2016-04-16,7289,76.29632320883593,135.0,55.0
4558609924,2016-04-17,9634,6.40000009536743,6.40000009536743,0.0,0.550000011920929,1.13999998569489,4.71000003814697,0.0,7,19,304,1110,2117,2016-04-17,2117,2016-04-17,1110,304,19,7,0.0,4.71000003814697,1.13999998569489,0.550000011920929,2016-04-17,9634,83.2046897899365,136.0,57.0
4558609924,2016-04-18,8940,5.90999984741211,5.90999984741211,0.0,0.980000019073486,0.930000007152557,4.0,0.0,14,15,331,1080,2116,2016-04-18,2116,2016-04-18,1080,331,15,14,0.0,4.0,0.930000007152557,0.980000019073486,2016-04-18,8940,80.4574690464705,141.0,55.0
4558609924,2016-04-19,5401,3.5699999332428,3.5699999332428,0.0,0.0500000007450581,0.360000014305115,3.16000008583069,0.0,1,9,248,1182,1876,2016-04-19,1876,2016-04-19,1182,248,9,1,0.0,3.16000008583069,0.360000014305115,0.0500000007450581,2016-04-19,5401,83.0984677782785,132.0,61.0
4558609924,2016-04-20,4803,3.17000007629395,3.17000007629395,0.0,0.0,0.0,3.17000007629395,0.0,0,0,222,1218,1788,2016-04-20,1788,2016-04-20,1218,222,0,0,0.0,3.17000007629395,0.0,0.0,2016-04-20,4803,76.92327166504381,110.0,57.0
4558609924,2016-04-21,13743,9.07999992370605,9.07999992370605,0.0,0.419999986886978,0.970000028610229,7.69999980926514,0.0,6,21,432,844,2486,2016-04-21,2486,2016-04-21,844,432,21,6,0.0,7.69999980926514,0.970000028610229,0.419999986886978,2016-04-21,13743,85.66238718698361,121.0,54.0
4558609924,2016-04-22,9601,6.34999990463257,6.34999990463257,0.0,1.37000000476837,1.5,3.47000002861023,0.0,20,25,273,1122,2094,2016-04-22,2094,2016-04-22,1122,273,25,20,0.0,3.47000002861023,1.5,1.37000000476837,2016-04-22,9601,82.56045881790665,140.0,57.0
4558609924,2016-04-23,6890,4.55000019073486,4.55000019073486,0.0,0.340000003576279,0.200000002980232,4.01000022888184,0.0,5,5,308,1122,2085,2016-04-23,2085,2016-04-23,1122,308,5,5,0.0,4.01000022888184,0.200000002980232,0.340000003576279,2016-04-23,6890,85.85146641438033,133.0,60.0
4558609924,2016-04-24,8563,5.65999984741211,5.65999984741211,0.0,0.0,0.0,5.65000009536743,0.0,0,0,395,1045,2173,2016-04-24,2173,2016-04-24,1045,395,0,0,0.0,5.65000009536743,0.0,0.0,2016-04-24,8563,83.96923312413898,121.0,58.0
4558609924,2016-04-25,8095,5.34999990463257,5.34999990463257,0.0,0.589999973773956,0.25,4.51000022888184,0.0,18,10,340,993,2225,2016-04-25,2225,2016-04-25,993,340,10,18,0.0,4.51000022888184,0.25,0.589999973773956,2016-04-25,8095,82.49422222222222,163.0,55.0
4558609924,2016-04-26,9148,6.05000019073486,6.05000019073486,0.0,0.430000007152557,2.02999997138977,3.58999991416931,0.0,12,41,283,1062,2223,2016-04-26,2223,2016-04-26,1062,283,41,12,0.0,3.58999991416931,2.02999997138977,0.430000007152557,2016-04-26,9148,91.335402888379,148.0,59.0
4558609924,2016-04-27,9557,6.32000017166138,6.32000017166138,0.0,1.96000003814697,0.889999985694885,3.46000003814697,0.0,27,14,312,1087,2098,2016-04-27,2098,2016-04-27,1087,312,14,27,0.0,3.46000003814697,0.889999985694885,1.96000003814697,2016-04-27,9557,84.5569756698491,122.0,60.0
4558609924,2016-04-28,9451,6.25,6.25,0.0,0.0199999995529652,0.270000010728836,5.94999980926514,0.0,1,11,367,985,2185,2016-04-28,2185,2016-04-28,985,367,11,1,0.0,5.94999980926514,0.270000010728836,0.0199999995529652,2016-04-28,9451,85.64209429538943,133.0,59.0
4558609924,2016-04-29,7833,5.17999982833862,5.17999982833862,0.0,1.01999998092651,1.85000002384186,2.30999994277954,0.0,15,29,197,1096,1918,2016-04-29,1918,2016-04-29,1096,197,29,15,0.0,2.30999994277954,1.85000002384186,1.01999998092651,2016-04-29,7833,80.55509145902347,139.0,53.0
4558609924,2016-04-30,10319,6.82000017166138,6.82000017166138,0.0,0.469999998807907,1.88999998569489,4.46000003814697,0.0,7,29,293,1111,2105,2016-04-30,2105,2016-04-30,1111,293,29,7,0.0,4.46000003814697,1.88999998569489,0.469999998807907,2016-04-30,10319,79.18702506521493,134.0,53.0
4558609924,2016-05-01,3428,2.26999998092651,2.26999998092651,0.0,0.0,0.0,2.26999998092651,0.0,0,0,190,1121,1692,2016-05-01,1692,2016-05-01,1121,190,0,0,0.0,2.26999998092651,0.0,0.0,2016-05-01,3428,70.84190403364558,127.0,53.0
4558609924,2016-05-02,7891,5.21999979019165,5.21999979019165,0.0,0.0,0.0,5.21999979019165,0.0,0,0,383,1057,2066,2016-05-02,2066,2016-05-02,1057,383,0,0,0.0,5.21999979019165,0.0,0.0,2016-05-02,7891,78.66975261799969,108.0,55.0
4558609924,2016-05-03,5267,3.48000001907349,3.48000001907349,0.0,0.600000023841858,0.280000001192093,2.59999990463257,0.0,21,10,237,1172,1953,2016-05-03,1953,2016-05-03,1172,237,10,21,0.0,2.59999990463257,0.280000001192093,0.600000023841858,2016-05-03,5267,82.52032630863359,148.0,52.0
4558609924,2016-05-04,5232,3.46000003814697,3.46000003814697,0.0,0.0,0.0,3.46000003814697,0.0,0,0,252,1188,1842,2016-05-04,1842,2016-05-04,1188,252,0,0,0.0,3.46000003814697,0.0,0.0,2016-05-04,5232,76.8313704496788,127.0,54.0
4558609924,2016-05-05,10611,7.01000022888184,7.01000022888184,0.0,1.00999999046326,0.5,5.51000022888184,0.0,14,8,370,1048,2262,2016-05-05,2262,2016-05-05,1048,370,8,14,0.0,5.51000022888184,0.5,1.00999999046326,2016-05-05,10611,81.93927185914653,130.0,48.0
4558609924,2016-05-06,3755,2.48000001907349,2.48000001907349,0.0,0.0,0.0,2.48000001907349,0.0,0,0,202,1238,1722,2016-05-06,1722,2016-05-06,1238,202,0,0,0.0,2.48000001907349,0.0,0.0,2016-05-06,3755,71.94897771228587,110.0,51.0
4558609924,2016-05-07,8237,5.44000005722046,5.44000005722046,0.0,1.61000001430511,1.0,2.82999992370605,0.0,23,16,233,1116,1973,2016-05-07,1973,2016-05-07,1116,233,16,23,0.0,2.82999992370605,1.0,1.61000001430511,2016-05-07,8237,76.24857300681275,116.0,54.0
4558609924,2016-05-08,6543,4.32999992370605,4.32999992370605,0.0,1.79999995231628,0.5,2.01999998092651,0.0,66,35,238,1019,2666,2016-05-08,2666,2016-05-08,1019,238,35,66,0.0,2.01999998092651,0.5,1.79999995231628,2016-05-08,6543,104.87147199305254,199.0,45.0
4558609924,2016-05-09,11451,7.57000017166138,7.57000017166138,0.0,0.430000007152557,1.62000000476837,5.51999998092651,0.0,6,30,339,1065,2223,2016-05-09,2223,2016-05-09,1065,339,30,6,0.0,5.51999998092651,1.62000000476837,0.430000007152557,2016-05-09,11451,79.37543278639168,110.0,54.0
4558609924,2016-05-10,6435,4.25,4.25,0.0,0.740000009536743,1.12000000476837,2.39000010490417,0.0,11,18,220,1191,1889,2016-05-10,1889,2016-05-10,1191,220,18,11,0.0,2.39000010490417,1.12000000476837,0.740000009536743,2016-05-10,6435,75.78962353685543,147.0,50.0
4558609924,2016-05-11,9108,6.01999998092651,6.01999998092651,0.0,0.259999990463257,1.82000005245209,3.94000005722046,0.0,4,31,324,1081,2131,2016-05-11,2131,2016-05-11,1081,324,31,4,0.0,3.94000005722046,1.82000005245209,0.259999990463257,2016-05-11,9108,74.92423536717901,138.0,44.0
4558609924,2016-05-12,6307,4.17000007629395,4.17000007629395,0.0,0.0,0.0,4.17000007629395,0.0,0,0,247,736,1452,2016-05-12,1452,2016-05-12,736,247,0,0,0.0,4.17000007629395,0.0,0.0,2016-05-12,6307,79.67777199375325,117.0,54.0
4702921684,2016-04-12,7213,5.88000011444092,5.88000011444092,0.0,0.0,0.0,5.84999990463257,0.0,0,0,263,718,2947,2016-04-12,2947,2016-04-12,718,263,0,0,0.0,5.84999990463257,0.0,0.0,2016-04-12,7213,,,
4702921684,2016-04-13,6877,5.57999992370605,5.57999992370605,0.0,0.0,0.0,5.57999992370605,0.0,0,0,258,777,2898,2016-04-13,2898,2016-04-13,777,258,0,0,0.0,5.57999992370605,0.0,0.0,2016-04-13,6877,,,
4702921684,2016-04-14,7860,6.36999988555908,6.36999988555908,0.0,0.0,0.0,6.36999988555908,0.0,0,0,271,772,2984,2016-04-14,2984,2016-04-14,772,271,0,0,0.0,6.36999988555908,0.0,0.0,2016-04-14,7860,,,
4702921684,2016-04-15,6506,5.28000020980835,5.28000020980835,0.0,0.0700000002980232,0.419999986886978,4.78999996185303,0.0,1,8,256,944,2896,2016-04-15,2896,2016-04-15,944,256,8,1,0.0,4.78999996185303,0.419999986886978,0.0700000002980232,2016-04-15,6506,,,
4702921684,2016-04-16,11140,9.02999973297119,9.02999973297119,0.0,0.239999994635582,1.25,7.53999996185303,0.0,3,24,335,556,3328,2016-04-16,3328,2016-04-16,556,335,24,3,0.0,7.53999996185303,1.25,0.239999994635582,2016-04-16,11140,,,
4702921684,2016-04-17,12692,10.289999961853,10.289999961853,0.0,0.959999978542328,3.46000003814697,5.88000011444092,0.0,12,66,302,437,3394,2016-04-17,3394,2016-04-17,437,302,66,12,0.0,5.88000011444092,3.46000003814697,0.959999978542328,2016-04-17,12692,,,
4702921684,2016-04-18,9105,7.38000011444092,7.38000011444092,0.0,1.82000005245209,1.49000000953674,4.07000017166138,0.0,22,30,191,890,3013,2016-04-18,3013,2016-04-18,890,191,30,22,0.0,4.07000017166138,1.49000000953674,1.82000005245209,2016-04-18,9105,,,
4702921684,2016-04-19,6708,5.44000005722046,5.44000005722046,0.0,0.879999995231628,0.370000004768372,4.19000005722046,0.0,10,8,179,757,2812,2016-04-19,2812,2016-04-19,757,179,8,10,0.0,4.19000005722046,0.370000004768372,0.879999995231628,2016-04-19,6708,,,
4702921684,2016-04-20,8793,7.13000011444092,7.13000011444092,0.0,0.159999996423721,1.23000001907349,5.73000001907349,0.0,2,29,260,717,3061,2016-04-20,3061,2016-04-20,717,260,29,2,0.0,5.73000001907349,1.23000001907349,0.159999996423721,2016-04-20,8793,,,
4702921684,2016-04-21,6530,5.30000019073486,5.30000019073486,0.0,0.310000002384186,2.04999995231628,2.94000005722046,0.0,4,41,144,901,2729,2016-04-21,2729,2016-04-21,901,144,41,4,0.0,2.94000005722046,2.04999995231628,0.310000002384186,2016-04-21,6530,,,
4702921684,2016-04-22,1664,1.35000002384186,1.35000002384186,0.0,0.0,0.0,1.35000002384186,0.0,0,0,72,1341,2241,2016-04-22,2241,2016-04-22,1341,72,0,0,0.0,1.35000002384186,0.0,0.0,2016-04-22,1664,,,
4702921684,2016-04-23,15126,12.2700004577637,12.2700004577637,0.0,0.759999990463257,3.24000000953674,8.27000045776367,0.0,9,66,408,469,3691,2016-04-23,3691,2016-04-23,469,408,66,9,0.0,8.27000045776367,3.24000000953674,0.759999990463257,2016-04-23,15126,,,
4702921684,2016-04-24,15050,12.2200002670288,12.2200002670288,0.0,1.20000004768372,5.11999988555908,5.88000011444092,0.0,15,95,281,542,3538,2016-04-24,3538,2016-04-24,542,281,95,15,0.0,5.88000011444092,5.11999988555908,1.20000004768372,2016-04-24,15050,,,
4702921684,2016-04-25,9167,7.42999982833862,7.42999982833862,0.0,0.490000009536743,0.819999992847443,6.1100001335144,0.0,6,15,270,730,3064,2016-04-25,3064,2016-04-25,730,270,15,6,0.0,6.1100001335144,0.819999992847443,0.490000009536743,2016-04-25,9167,,,
4702921684,2016-04-26,6108,4.94999980926514,4.94999980926514,0.0,0.0700000002980232,0.349999994039536,4.53999996185303,0.0,1,8,216,765,2784,2016-04-26,2784,2016-04-26,765,216,8,1,0.0,4.53999996185303,0.349999994039536,0.0700000002980232,2016-04-26,6108,,,
4702921684,2016-04-27,7047,5.71999979019165,5.71999979019165,0.0,0.0900000035762787,0.800000011920929,4.78000020980835,0.0,1,16,238,733,2908,2016-04-27,2908,2016-04-27,733,238,16,1,0.0,4.78000020980835,0.800000011920929,0.0900000035762787,2016-04-27,7047,,,
4702921684,2016-04-28,9023,7.32000017166138,7.32000017166138,0.0,1.12999999523163,0.419999986886978,5.76999998092651,0.0,14,9,232,738,3033,2016-04-28,3033,2016-04-28,738,232,9,14,0.0,5.76999998092651,0.419999986886978,1.12999999523163,2016-04-28,9023,,,
4702921684,2016-04-29,9930,8.05000019073486,8.05000019073486,0.0,1.05999994277954,0.920000016689301,6.07000017166138,0.0,12,19,267,692,3165,2016-04-29,3165,2016-04-29,692,267,19,12,0.0,6.07000017166138,0.920000016689301,1.05999994277954,2016-04-29,9930,,,
4702921684,2016-04-30,10144,8.22999954223633,8.22999954223633,0.0,0.319999992847443,2.02999997138977,5.88000011444092,0.0,4,36,263,728,3115,2016-04-30,3115,2016-04-30,728,263,36,4,0.0,5.88000011444092,2.02999997138977,0.319999992847443,2016-04-30,10144,,,
4702921684,2016-05-01,0,0.0,0.0,0.0,0.0,0.0,0.0,0.0,0,0,0,1440,2017,2016-05-01,2017,2016-05-01,1440,0,0,0,0.0,0.0,0.0,0.0,2016-05-01,0,,,
4702921684,2016-05-02,7245,5.92000007629395,5.92000007629395,0.0,0.379999995231628,1.74000000953674,3.75999999046326,0.0,5,40,195,1131,2859,2016-05-02,2859,2016-05-02,1131,195,40,5,0.0,3.75999999046326,1.74000000953674,0.379999995231628,2016-05-02,7245,,,
4702921684,2016-05-03,9454,7.67000007629395,7.67000007629395,0.0,0.0,0.0,7.67000007629395,0.0,0,0,313,729,3145,2016-05-03,3145,2016-05-03,729,313,0,0,0.0,7.67000007629395,0.0,0.0,2016-05-03,9454,,,
4702921684,2016-05-04,8161,6.61999988555908,6.61999988555908,0.0,0.340000003576279,0.730000019073486,5.53999996185303,0.0,4,15,251,757,3004,2016-05-04,3004,2016-05-04,757,251,15,4,0.0,5.53999996185303,0.730000019073486,0.340000003576279,2016-05-04,8161,,,
4702921684,2016-05-05,8614,6.98999977111816,6.98999977111816,0.0,0.670000016689301,0.219999998807907,6.09000015258789,0.0,8,5,241,745,3006,2016-05-05,3006,2016-05-05,745,241,5,8,0.0,6.09000015258789,0.219999998807907,0.670000016689301,2016-05-05,8614,,,
4702921684,2016-05-06,6943,5.63000011444092,5.63000011444092,0.0,0.0799999982118607,0.660000026226044,4.86999988555908,0.0,1,16,207,682,2859,2016-05-06,2859,2016-05-06,682,207,16,1,0.0,4.86999988555908,0.660000026226044,0.0799999982118607,2016-05-06,6943,,,
4702921684,2016-05-07,14370,11.6499996185303,11.6499996185303,0.0,0.370000004768372,2.30999994277954,8.97000026702881,0.0,5,46,439,577,3683,2016-05-07,3683,2016-05-07,577,439,46,5,0.0,8.97000026702881,2.30999994277954,0.370000004768372,2016-05-07,14370,,,
4702921684,2016-05-08,12857,10.4300003051758,10.4300003051758,0.0,0.680000007152557,6.21000003814697,3.53999996185303,0.0,9,125,192,1019,3287,2016-05-08,3287,2016-05-08,1019,192,125,9,0.0,3.53999996185303,6.21000003814697,0.680000007152557,2016-05-08,12857,,,
4702921684,2016-05-09,8232,6.67999982833862,6.67999982833862,0.0,0.0,0.569999992847443,6.09999990463257,0.0,0,12,253,746,2990,2016-05-09,2990,2016-05-09,746,253,12,0,0.0,6.09999990463257,0.569999992847443,0.0,2016-05-09,8232,,,
4702921684,2016-05-10,10613,8.60999965667725,8.60999965667725,0.0,0.0799999982118607,1.87999999523163,6.65000009536743,0.0,1,37,262,701,3172,2016-05-10,3172,2016-05-10,701,262,37,1,0.0,6.65000009536743,1.87999999523163,0.0799999982118607,2016-05-10,10613,,,
4702921684,2016-05-11,9810,7.96000003814697,7.96000003814697,0.0,0.779999971389771,2.16000008583069,4.98000001907349,0.0,10,41,235,784,3069,2016-05-11,3069,2016-05-11,784,235,41,10,0.0,4.98000001907349,2.16000008583069,0.779999971389771,2016-05-11,9810,,,
4702921684,2016-05-12,2752,2.23000001907349,2.23000001907349,0.0,0.0,0.0,2.23000001907349,0.0,0,0,68,241,1240,2016-05-12,1240,2016-05-12,241,68,0,0,0.0,2.23000001907349,0.0,0.0,2016-05-12,2752,,,
5553957443,2016-04-12,11596,7.57000017166138,7.57000017166138,0.0,1.37000000476837,0.790000021457672,5.40999984741211,0.0,19,13,277,767,2026,2016-04-12,2026,2016-04-12,767,277,13,19,0.0,5.40999984741211,0.790000021457672,1.37000000476837,2016-04-12,11596,64.36511350059737,106.0,50.0
5553957443,2016-04-13,4832,3.16000008583069,3.16000008583069,0.0,0.0,0.0,3.16000008583069,0.0,0,0,226,647,1718,2016-04-13,1718,2016-04-13,647,226,0,0,0.0,3.16000008583069,0.0,0.0,2016-04-13,4832,61.483418208918145,95.0,47.0
5553957443,2016-04-14,17022,11.1199998855591,11.1199998855591,0.0,4.0,2.45000004768372,4.67000007629395,0.0,61,41,256,693,2324,2016-04-14,2324,2016-04-14,693,256,41,61,0.0,4.67000007629395,2.45000004768372,4.0,2016-04-14,17022,72.56047167909696,133.0,51.0
5553957443,2016-04-15,16556,10.8599996566772,10.8599996566772,0.0,4.15999984741211,1.98000001907349,4.71000003814697,0.0,58,38,239,689,2254,2016-04-15,2254,2016-04-15,689,239,38,58,0.0,4.71000003814697,1.98000001907349,4.15999984741211,2016-04-15,16556,69.0200328407225,123.0,50.0
5553957443,2016-04-16,5771,3.76999998092651,3.76999998092651,0.0,0.0,0.0,3.76999998092651,0.0,0,0,288,521,1831,2016-04-16,1831,2016-04-16,521,288,0,0,0.0,3.76999998092651,0.0,0.0,2016-04-16,5771,66.0213644088371,116.0,50.0
5553957443,2016-04-17,655,0.430000007152557,0.430000007152557,0.0,0.0,0.0,0.430000007152557,0.0,0,0,46,943,1397,2016-04-17,1397,2016-04-17,943,46,0,0,0.0,0.430000007152557,0.0,0.0,2016-04-17,655,59.37717466945024,84.0,49.0
5553957443,2016-04-18,3727,2.4300000667572,2.4300000667572,0.0,0.0,0.0,2.4300000667572,0.0,0,0,206,622,1683,2016-04-18,1683,2016-04-18,622,206,0,0,0.0,2.4300000667572,0.0,0.0,2016-04-18,3727,65.3844028632425,91.0,53.0
5553957443,2016-04-19,15482,10.1099996566772,10.1099996566772,0.0,4.28000020980835,1.6599999666214,4.17999982833862,0.0,69,28,249,756,2284,2016-04-19,2284,2016-04-19,756,249,28,69,0.0,4.17999982833862,1.6599999666214,4.28000020980835,2016-04-19,15482,74.88753310631857,128.0,49.0
5553957443,2016-04-20,2713,1.76999998092651,1.76999998092651,0.0,0.0,0.0,1.76999998092651,0.0,0,0,148,598,1570,2016-04-20,1570,2016-04-20,598,148,0,0,0.0,1.76999998092651,0.0,0.0,2016-04-20,2713,60.040417526398834,84.0,48.0
5553957443,2016-04-21,12346,8.0600004196167,8.0600004196167,0.0,2.95000004768372,2.16000008583069,2.96000003814697,0.0,47,42,177,801,2066,2016-04-21,2066,2016-04-21,801,177,42,47,0.0,2.96000003814697,2.16000008583069,2.95000004768372,2016-04-21,12346,71.33225337951068,127.0,49.0
5553957443,2016-04-22,11682,7.63000011444092,7.63000011444092,0.0,1.37999999523163,0.629999995231628,5.59999990463257,0.0,25,16,270,781,2105,2016-04-22,2105,2016-04-22,781,270,16,25,0.0,5.59999990463257,0.629999995231628,1.37999999523163,2016-04-22,11682,70.42847711267606,128.0,51.0
5553957443,2016-04-23,4112,2.69000005722046,2.69000005722046,0.0,0.0,0.0,2.6800000667572,0.0,0,0,272,443,1776,2016-04-23,1776,2016-04-23,443,272,0,0,0.0,2.6800000667572,0.0,0.0,2016-04-23,4112,67.07407854984895,94.0,52.0
5553957443,2016-04-24,1807,1.17999994754791,1.17999994754791,0.0,0.0,0.0,1.17999994754791,0.0,0,0,104,582,1507,2016-04-24,1507,2016-04-24,582,104,0,0,0.0,1.17999994754791,0.0,0.0,2016-04-24,1807,63.97276314114802,92.0,50.0
5553957443,2016-04-25,10946,7.19000005722046,7.19000005722046,0.0,2.9300000667572,0.569999992847443,3.69000005722046,0.0,51,11,201,732,2033,2016-04-25,2033,2016-04-25,732,201,11,51,0.0,3.69000005722046,0.569999992847443,2.9300000667572,2016-04-25,10946,72.04626295690126,132.0,52.0
5553957443,2016-04-26,11886,7.76000022888184,7.76000022888184,0.0,2.36999988555908,0.930000007152557,4.46000003814697,0.0,40,18,238,750,2093,2016-04-26,2093,2016-04-26,750,238,18,40,0.0,4.46000003814697,0.930000007152557,2.36999988555908,2016-04-26,11886,73.01322425193321,128.0,53.0
5553957443,2016-04-27,10538,6.88000011444092,6.88000011444092,0.0,1.13999998569489,1.0,4.73999977111816,0.0,16,16,206,745,1922,2016-04-27,1922,2016-04-27,745,206,16,16,0.0,4.73999977111816,1.0,1.13999998569489,2016-04-27,10538,65.07076392877657,104.0,49.0
5553957443,2016-04-28,11393,7.63000011444092,7.63000011444092,0.0,3.71000003814697,0.75,3.17000007629395,0.0,49,13,165,727,1999,2016-04-28,1999,2016-04-28,727,165,13,49,0.0,3.17000007629395,0.75,3.71000003814697,2016-04-28,11393,71.07164801404433,149.0,51.0
5553957443,2016-04-29,12764,8.32999992370605,8.32999992370605,0.0,2.78999996185303,0.639999985694885,4.90999984741211,0.0,46,15,270,709,2169,2016-04-29,2169,2016-04-29,709,270,15,46,0.0,4.90999984741211,0.639999985694885,2.78999996185303,2016-04-29,12764,73.07417008111047,156.0,50.0
5553957443,2016-04-30,1202,0.779999971389771,0.779999971389771,0.0,0.0,0.0,0.779999971389771,0.0,0,0,84,506,1463,2016-04-30,1463,2016-04-30,506,84,0,0,0.0,0.779999971389771,0.0,0.0,2016-04-30,1202,65.77999501122474,89.0,49.0
5553957443,2016-05-01,5164,3.36999988555908,3.36999988555908,0.0,0.0,0.0,3.36999988555908,0.0,0,0,237,436,1747,2016-05-01,1747,2016-05-01,436,237,0,0,0.0,3.36999988555908,0.0,0.0,2016-05-01,5164,66.54344989561586,116.0,49.0
5553957443,2016-05-02,9769,6.38000011444092,6.38000011444092,0.0,1.05999994277954,0.409999996423721,4.90000009536743,0.0,23,9,227,724,1996,2016-05-02,1996,2016-05-02,724,227,9,23,0.0,4.90000009536743,0.409999996423721,1.05999994277954,2016-05-02,9769,72.59142652035689,125.0,50.0
5553957443,2016-05-03,12848,8.39000034332275,8.39000034332275,0.0,1.5,1.20000004768372,5.67999982833862,0.0,26,29,247,812,2116,2016-05-03,2116,2016-05-03,812,247,29,26,0.0,5.67999982833862,1.20000004768372,1.5,2016-05-03,12848,69.95312333155366,134.0,50.0
5553957443,2016-05-04,4249,2.76999998092651,2.76999998092651,0.0,0.0,0.0,2.76999998092651,0.0,0,0,224,651,1698,2016-05-04,1698,2016-05-04,651,224,0,0,0.0,2.76999998092651,0.0,0.0,2016-05-04,4249,61.67218347322378,108.0,47.0
5553957443,2016-05-05,14331,9.51000022888184,9.51000022888184,0.0,3.4300000667572,1.6599999666214,4.42999982833862,0.0,44,29,241,692,2156,2016-05-05,2156,2016-05-05,692,241,29,44,0.0,4.42999982833862,1.6599999666214,3.4300000667572,2016-05-05,14331,69.4014172571905,165.0,49.0
5553957443,2016-05-06,9632,6.28999996185303,6.28999996185303,0.0,1.51999998092651,0.540000021457672,4.23000001907349,0.0,21,9,229,761,1916,2016-05-06,1916,2016-05-06,761,229,9,21,0.0,4.23000001907349,0.540000021457672,1.51999998092651,2016-05-06,9632,63.165196696066076,104.0,51.0
5553957443,2016-05-07,1868,1.22000002861023,1.22000002861023,0.0,0.0,0.0,1.22000002861023,0.0,0,0,96,902,1494,2016-05-07,1494,2016-05-07,902,96,0,0,0.0,1.22000002861023,0.0,0.0,2016-05-07,1868,63.02644230769231,140.0,51.0
5553957443,2016-05-08,6083,4.0,4.0,0.0,0.219999998807907,0.469999998807907,3.29999995231628,0.0,3,8,210,505,1762,2016-05-08,1762,2016-05-08,505,210,8,3,0.0,3.29999995231628,0.469999998807907,0.219999998807907,2016-05-08,6083,65.5694360947457,110.0,51.0
5553957443,2016-05-09,11611,7.57999992370605,7.57999992370605,0.0,2.13000011444092,0.889999985694885,4.55999994277954,0.0,59,22,251,667,2272,2016-05-09,2272,2016-05-09,667,251,22,59,0.0,4.55999994277954,0.889999985694885,2.13000011444092,2016-05-09,11611,76.65612883984491,149.0,51.0
5553957443,2016-05-10,16358,10.710000038147,10.710000038147,0.0,3.86999988555908,1.61000001430511,5.19999980926514,0.0,61,40,265,707,2335,2016-05-10,2335,2016-05-10,707,265,40,61,0.0,5.19999980926514,1.61000001430511,3.86999988555908,2016-05-10,16358,76.83269438710312,133.0,53.0
5553957443,2016-05-11,4926,3.22000002861023,3.22000002861023,0.0,0.0,0.0,3.22000002861023,0.0,0,0,195,628,1693,2016-05-11,1693,2016-05-11,628,195,0,0,0.0,3.22000002861023,0.0,0.0,2016-05-11,4926,65.40050890585242,103.0,54.0
5553957443,2016-05-12,3121,2.03999996185303,2.03999996185303,0.0,0.579999983310699,0.400000005960464,1.05999994277954,0.0,8,6,48,222,741,2016-05-12,741,2016-05-12,222,48,6,8,0.0,1.05999994277954,0.400000005960464,0.579999983310699,2016-05-12,3121,64.19532265049806,107.0,54.0
5577150313,2016-04-12,8135,6.07999992370605,6.07999992370605,0.0,3.59999990463257,0.379999995231628,2.09999990463257,0.0,86,16,140,728,3405,2016-04-12,3405,2016-04-12,728,140,16,86,0.0,2.09999990463257,0.379999995231628,3.59999990463257,2016-04-12,8135,65.65607369027059,154.0,41.0
5577150313,2016-04-13,5077,3.78999996185303,3.78999996185303,0.0,0.319999992847443,0.219999998807907,3.25,0.0,15,11,144,776,2551,2016-04-13,2551,2016-04-13,776,144,11,15,0.0,3.25,0.219999998807907,0.319999992847443,2016-04-13,5077,59.7035779576913,121.0,44.0
5577150313,2016-04-14,8596,6.42000007629395,6.42000007629395,0.0,3.32999992370605,0.310000002384186,2.77999997138977,0.0,118,30,176,662,4022,2016-04-14,4022,2016-04-14,662,176,30,118,0.0,2.77999997138977,0.310000002384186,3.32999992370605,2016-04-14,8596,76.83571282888028,172.0,43.0
5577150313,2016-04-15,12087,9.07999992370605,9.07999992370605,0.0,3.92000007629395,1.60000002384186,3.55999994277954,0.0,115,54,199,695,4005,2016-04-15,4005,2016-04-15,695,199,54,115,0.0,3.55999994277954,1.60000002384186,3.92000007629395,2016-04-15,12087,73.68219516499029,157.0,39.0
5577150313,2016-04-16,14269,10.6599998474121,10.6599998474121,0.0,6.6399998664856,1.27999997138977,2.73000001907349,0.0,184,56,158,472,4274,2016-04-16,4274,2016-04-16,472,158,56,184,0.0,2.73000001907349,1.27999997138977,6.6399998664856,2016-04-16,14269,69.84255028980566,136.0,43.0
5577150313,2016-04-17,12231,9.14000034332275,9.14000034332275,0.0,5.98000001907349,0.829999983310699,2.3199999332428,0.0,200,37,159,525,4552,2016-04-17,4552,2016-04-17,525,159,37,200,0.0,2.3199999332428,0.829999983310699,5.98000001907349,2016-04-17,12231,71.11754189944133,174.0,40.0
5577150313,2016-04-18,9893,7.3899998664856,7.3899998664856,0.0,4.8600001335144,0.720000028610229,1.82000005245209,0.0,114,32,130,623,3625,2016-04-18,3625,2016-04-18,623,130,32,114,0.0,1.82000005245209,0.720000028610229,4.8600001335144,2016-04-18,9893,68.649090276973,165.0,41.0
5577150313,2016-04-19,12574,9.42000007629395,9.42000007629395,0.0,7.01999998092651,0.639999985694885,1.75999999046326,0.0,108,23,111,733,3501,2016-04-19,3501,2016-04-19,733,111,23,108,0.0,1.75999999046326,0.639999985694885,7.01999998092651,2016-04-19,12574,70.46025152878735,159.0,42.0
5577150313,2016-04-20,8330,6.21999979019165,6.21999979019165,0.0,4.11999988555908,0.340000003576279,1.75999999046326,0.0,87,16,113,773,3192,2016-04-20,3192,2016-04-20,773,113,16,87,0.0,1.75999999046326,0.340000003576279,4.11999988555908,2016-04-20,8330,69.17306809487376,135.0,45.0
5577150313,2016-04-21,10830,8.09000015258789,8.09000015258789,0.0,3.65000009536743,1.6599999666214,2.77999997138977,0.0,110,74,175,670,4018,2016-04-21,4018,2016-04-21,670,175,74,110,0.0,2.77999997138977,1.6599999666214,3.65000009536743,2016-04-21,10830,72.31130021769246,168.0,43.0
5577150313,2016-04-22,9172,6.84999990463257,6.84999990463257,0.0,2.42000007629395,0.790000021457672,3.29999995231628,0.0,62,30,200,823,3329,2016-04-22,3329,2016-04-22,823,200,30,62,0.0,3.29999995231628,0.790000021457672,2.42000007629395,2016-04-22,9172,64.64848702308336,132.0,43.0
5577150313,2016-04-23,7638,5.71000003814697,5.71000003814697,0.0,1.21000003814697,0.360000014305115,4.1399998664856,0.0,24,24,223,627,3152,2016-04-23,3152,2016-04-23,627,223,24,24,0.0,4.1399998664856,0.360000014305115,1.21000003814697,2016-04-23,7638,65.07899988261534,171.0,40.0
5577150313,2016-04-24,15764,11.7799997329712,11.7799997329712,0.0,7.65000009536743,2.15000009536743,1.98000001907349,0.0,210,65,141,425,4392,2016-04-24,4392,2016-04-24,425,141,65,210,0.0,1.98000001907349,2.15000009536743,7.65000009536743,2016-04-24,15764,72.2686495562485,131.0,40.0
5577150313,2016-04-25,6393,4.78000020980835,4.78000020980835,0.0,1.35000002384186,0.670000016689301,2.75999999046326,0.0,61,38,214,743,3374,2016-04-25,3374,2016-04-25,743,214,38,61,0.0,2.75999999046326,0.670000016689301,1.35000002384186,2016-04-25,6393,67.54545454545455,125.0,43.0
5577150313,2016-04-26,5325,3.98000001907349,3.98000001907349,0.0,0.850000023841858,0.649999976158142,2.47000002861023,0.0,38,32,181,759,3088,2016-04-26,3088,2016-04-26,759,181,32,38,0.0,2.47000002861023,0.649999976158142,0.850000023841858,2016-04-26,5325,65.35988133272478,122.0,40.0
5577150313,2016-04-27,6805,5.1399998664856,5.1399998664856,0.0,1.80999994277954,0.400000005960464,2.9300000667572,0.0,63,16,190,773,3294,2016-04-27,3294,2016-04-27,773,190,16,63,0.0,2.9300000667572,0.400000005960464,1.80999994277954,2016-04-27,6805,66.42827775239836,130.0,42.0
5577150313,2016-04-28,9841,7.42999982833862,7.42999982833862,0.0,3.25,1.16999995708466,3.00999999046326,0.0,99,51,141,692,3580,2016-04-28,3580,2016-04-28,692,141,51,99,0.0,3.00999999046326,1.16999995708466,3.25,2016-04-28,9841,70.68770690796734,171.0,40.0
5577150313,2016-04-29,7924,5.92000007629395,5.92000007629395,0.0,2.83999991416931,0.610000014305115,2.47000002861023,0.0,97,36,165,739,3544,2016-04-29,3544,2016-04-29,739,165,36,97,0.0,2.47000002861023,0.610000014305115,2.83999991416931,2016-04-29,7924,66.26641414141415,141.0,42.0
5577150313,2016-04-30,12363,9.23999977111816,9.23999977111816,0.0,5.82999992370605,0.790000021457672,2.60999989509583,0.0,207,45,163,621,4501,2016-04-30,4501,2016-04-30,621,163,45,207,0.0,2.60999989509583,0.790000021457672,5.82999992370605,2016-04-30,12363,71.55549407989378,138.0,41.0
5577150313,2016-05-01,13368,9.98999977111816,9.98999977111816,0.0,5.30999994277954,1.44000005722046,3.24000000953674,0.0,194,72,178,499,4546,2016-05-01,4546,2016-05-01,499,178,72,194,0.0,3.24000000953674,1.44000005722046,5.30999994277954,2016-05-01,13368,73.70357503081924,140.0,44.0
5577150313,2016-05-02,7439,5.55999994277954,5.55999994277954,0.0,1.12000000476837,0.349999994039536,4.07000017166138,0.0,37,20,235,732,3014,2016-05-02,3014,2016-05-02,732,235,20,37,0.0,4.07000017166138,0.349999994039536,1.12000000476837,2016-05-02,7439,64.60946601941748,128.0,43.0
5577150313,2016-05-03,11045,8.25,8.25,0.0,4.51999998092651,0.150000005960464,3.5699999332428,0.0,97,8,212,580,3795,2016-05-03,3795,2016-05-03,580,212,8,97,0.0,3.5699999332428,0.150000005960464,4.51999998092651,2016-05-03,11045,70.00069044879172,154.0,42.0
5577150313,2016-05-04,5206,3.89000010490417,3.89000010490417,0.0,1.55999994277954,0.25,2.07999992370605,0.0,25,9,141,631,2755,2016-05-04,2755,2016-05-04,631,141,9,25,0.0,2.07999992370605,0.25,1.55999994277954,2016-05-04,5206,62.24588163514338,143.0,36.0
5577150313,2016-05-05,7550,5.6399998664856,5.6399998664856,0.0,2.5,0.469999998807907,2.67000007629395,0.0,45,21,143,1153,3004,2016-05-05,3004,2016-05-05,1153,143,21,45,0.0,2.67000007629395,0.469999998807907,2.5,2016-05-05,7550,72.21057965139846,141.0,50.0
5577150313,2016-05-06,4950,3.70000004768372,3.70000004768372,0.0,1.92999994754791,0.319999992847443,1.45000004768372,0.0,41,16,79,1304,2643,2016-05-06,2643,2016-05-06,1304,79,16,41,0.0,1.45000004768372,0.319999992847443,1.92999994754791,2016-05-06,4950,70.48196015078084,134.0,48.0
5577150313,2016-05-07,0,0.0,0.0,0.0,0.0,0.0,0.0,0.0,0,0,0,1440,1819,2016-05-07,1819,2016-05-07,1440,0,0,0,0.0,0.0,0.0,0.0,2016-05-07,0,,,
5577150313,2016-05-08,0,0.0,0.0,0.0,0.0,0.0,0.0,0.0,0,0,0,1440,1819,2016-05-08,1819,2016-05-08,1440,0,0,0,0.0,0.0,0.0,0.0,2016-05-08,0,,,
5577150313,2016-05-09,3421,2.55999994277954,2.55999994277954,0.0,1.42999994754791,0.140000000596046,0.990000009536743,0.0,34,11,70,1099,2489,2016-05-09,2489,2016-05-09,1099,70,11,34,0.0,0.990000009536743,0.140000000596046,1.42999994754791,2016-05-09,3421,68.04024697004346,130.0,51.0
5577150313,2016-05-10,8869,6.65000009536743,6.65000009536743,0.0,2.55999994277954,0.75,3.34999990463257,0.0,104,37,194,639,3841,2016-05-10,3841,2016-05-10,639,194,37,104,0.0,3.34999990463257,0.75,2.55999994277954,2016-05-10,8869,75.29284883200573,172.0,42.0
5577150313,2016-05-11,4038,3.03999996185303,3.03999996185303,0.0,1.83000004291534,0.300000011920929,0.889999985694885,0.0,45,15,63,257,1665,2016-05-11,1665,2016-05-11,257,63,15,45,0.0,0.889999985694885,0.300000011920929,1.83000004291534,2016-05-11,4038,67.04067948144836,173.0,45.0
6117666160,2016-04-12,0,0.0,0.0,0.0,0.0,0.0,0.0,0.0,0,0,0,1440,1496,2016-04-12,1496,2016-04-12,1440,0,0,0,0.0,0.0,0.0,0.0,2016-04-12,0,,,
6117666160,2016-04-13,0,0.0,0.0,0.0,0.0,0.0,0.0,0.0,0,0,0,1440,1496,2016-04-13,1496,2016-04-13,1440,0,0,0,0.0,0.0,0.0,0.0,2016-04-13,0,,,
6117666160,2016-04-14,0,0.0,0.0,0.0,0.0,0.0,0.0,0.0,0,0,0,1440,1496,2016-04-14,1496,2016-04-14,1440,0,0,0,0.0,0.0,0.0,0.0,2016-04-14,0,,,
6117666160,2016-04-15,14019,10.5900001525879,10.5900001525879,0.0,0.0,0.280000001192093,10.3000001907349,0.0,0,6,513,921,2865,2016-04-15,2865,2016-04-15,921,513,6,0,0.0,10.3000001907349,0.280000001192093,0.0,2016-04-15,14019,97.94359728091126,137.0,57.0
6117666160,2016-04-16,14450,10.9099998474121,10.9099998474121,0.0,0.579999983310699,0.850000023841858,9.47999954223633,0.0,7,15,518,502,2828,2016-04-16,2828,2016-04-16,502,518,15,7,0.0,9.47999954223633,0.850000023841858,0.579999983310699,2016-04-16,14450,87.02745664739885,155.0,54.0
6117666160,2016-04-17,7150,5.40000009536743,5.40000009536743,0.0,0.0,0.0,5.40000009536743,0.0,0,0,312,702,2225,2016-04-17,2225,2016-04-17,702,312,0,0,0.0,5.40000009536743,0.0,0.0,2016-04-17,7150,85.35302197802197,130.0,59.0
6117666160,2016-04-18,5153,3.91000008583069,3.91000008583069,0.0,0.0,0.0,3.89000010490417,0.0,0,0,241,759,2018,2016-04-18,2018,2016-04-18,759,241,0,0,0.0,3.89000010490417,0.0,0.0,2016-04-18,5153,82.91442424242425,116.0,61.0
6117666160,2016-04-19,11135,8.40999984741211,8.40999984741211,0.0,0.0,0.0,8.40999984741211,0.0,0,0,480,425,2606,2016-04-19,2606,2016-04-19,425,480,0,0,0.0,8.40999984741211,0.0,0.0,2016-04-19,11135,83.5081252044934,124.0,53.0
6117666160,2016-04-20,10449,8.02000045776367,8.02000045776367,0.0,2.02999997138977,0.479999989271164,5.51999998092651,0.0,26,10,349,587,2536,2016-04-20,2536,2016-04-20,587,349,10,26,0.0,5.51999998092651,0.479999989271164,2.02999997138977,2016-04-20,10449,85.50435634937922,181.0,52.0
6117666160,2016-04-21,19542,15.0100002288818,15.0100002288818,0.0,0.980000019073486,0.400000005960464,5.61999988555908,0.0,11,19,294,579,4900,2016-04-21,4900,2016-04-21,579,294,19,11,0.0,5.61999988555908,0.400000005960464,0.980000019073486,2016-04-21,19542,79.40156418554477,154.0,52.0
6117666160,2016-04-22,8206,6.19999980926514,6.19999980926514,0.0,0.0,0.0,6.19999980926514,0.0,0,0,402,413,2409,2016-04-22,2409,2016-04-22,413,402,0,0,0.0,6.19999980926514,0.0,0.0,2016-04-22,8206,81.7020639147803,139.0,53.0
6117666160,2016-04-23,11495,8.68000030517578,8.68000030517578,0.0,0.0,0.0,8.68000030517578,0.0,0,0,512,468,2651,2016-04-23,2651,2016-04-23,468,512,0,0,0.0,8.68000030517578,0.0,0.0,2016-04-23,11495,81.79523809523809,121.0,54.0
6117666160,2016-04-24,7623,5.76000022888184,5.76000022888184,0.0,0.0,0.0,5.76000022888184,0.0,0,0,362,711,2305,2016-04-24,2305,2016-04-24,711,362,0,0,0.0,5.76000022888184,0.0,0.0,2016-04-24,7623,84.20596510973552,129.0,55.0
6117666160,2016-04-25,0,0.0,0.0,0.0,0.0,0.0,0.0,0.0,0,0,0,1440,1497,2016-04-25,1497,2016-04-25,1440,0,0,0,0.0,0.0,0.0,0.0,2016-04-25,0,,,
6117666160,2016-04-26,9543,7.21000003814697,7.21000003814697,0.0,0.0,0.340000003576279,6.86999988555908,0.0,0,7,352,1077,2450,2016-04-26,2450,2016-04-26,1077,352,7,0,0.0,6.86999988555908,0.340000003576279,0.0,2016-04-26,9543,90.57266164469554,136.0,60.0
6117666160,2016-04-27,9411,7.1100001335144,7.1100001335144,0.0,0.0,0.0,7.1100001335144,0.0,0,0,458,417,2576,2016-04-27,2576,2016-04-27,417,458,0,0,0.0,7.1100001335144,0.0,0.0,2016-04-27,9411,83.14904055822068,126.0,52.0
6117666160,2016-04-28,3403,2.59999990463257,2.59999990463257,0.0,0.0,0.0,2.59999990463257,0.0,0,0,141,758,1879,2016-04-28,1879,2016-04-28,758,141,0,0,0.0,2.59999990463257,0.0,0.0,2016-04-28,3403,80.09522625559423,145.0,54.0
6117666160,2016-04-29,9592,7.23999977111816,7.23999977111816,0.0,0.0,0.0,7.23999977111816,0.0,0,0,461,479,2560,2016-04-29,2560,2016-04-29,479,461,0,0,0.0,7.23999977111816,0.0,0.0,2016-04-29,9592,82.1624183006536,121.0,55.0
6117666160,2016-04-30,6987,5.28000020980835,5.28000020980835,0.0,0.0,0.0,5.28000020980835,0.0,0,0,343,1040,2275,2016-04-30,2275,2016-04-30,1040,343,0,0,0.0,5.28000020980835,0.0,0.0,2016-04-30,6987,85.34524019004047,189.0,53.0
6117666160,2016-05-01,8915,6.73000001907349,6.73000001907349,0.0,0.0,0.0,6.73000001907349,0.0,0,0,397,525,2361,2016-05-01,2361,2016-05-01,525,397,0,0,0.0,6.73000001907349,0.0,0.0,2016-05-01,8915,77.43914274160939,114.0,55.0
6117666160,2016-05-02,4933,3.73000001907349,3.73000001907349,0.0,0.0,0.0,3.73000001907349,0.0,0,0,236,1204,2044,2016-05-02,2044,2016-05-02,1204,236,0,0,0.0,3.73000001907349,0.0,0.0,2016-05-02,4933,91.67101621194148,123.0,61.0
6117666160,2016-05-03,0,0.0,0.0,0.0,0.0,0.0,0.0,0.0,0,0,0,1440,1496,2016-05-03,1496,2016-05-03,1440,0,0,0,0.0,0.0,0.0,0.0,2016-05-03,0,,,
6117666160,2016-05-04,2997,2.25999999046326,2.25999999046326,0.0,0.0,0.0,2.25999999046326,0.0,0,0,156,1279,1902,2016-05-04,1902,2016-05-04,1279,156,0,0,0.0,2.25999999046326,0.0,0.0,2016-05-04,2997,92.89779735682819,124.0,62.0
6117666160,2016-05-05,9799,7.40000009536743,7.40000009536743,0.0,0.0,0.0,7.40000009536743,0.0,0,0,487,479,2636,2016-05-05,2636,2016-05-05,479,487,0,0,0.0,7.40000009536743,0.0,0.0,2016-05-05,9799,84.71879315839796,120.0,52.0
6117666160,2016-05-06,3365,2.6800000667572,2.6800000667572,0.0,0.0,0.0,2.6800000667572,0.0,0,0,133,673,1838,2016-05-06,1838,2016-05-06,673,133,0,0,0.0,2.6800000667572,0.0,0.0,2016-05-06,3365,76.57278208441,126.0,54.0
6117666160,2016-05-07,7336,5.53999996185303,5.53999996185303,0.0,0.0,0.0,5.53999996185303,0.0,0,0,412,456,2469,2016-05-07,2469,2016-05-07,456,412,0,0,0.0,5.53999996185303,0.0,0.0,2016-05-07,7336,83.87947810703228,126.0,54.0
6117666160,2016-05-08,7328,5.53000020980835,5.53000020980835,0.0,0.0,0.0,5.53000020980835,0.0,0,0,318,517,2250,2016-05-08,2250,2016-05-08,517,318,0,0,0.0,5.53000020980835,0.0,0.0,2016-05-08,7328,81.14073912569498,118.0,52.0
6117666160,2016-05-09,4477,3.38000011444092,3.38000011444092,0.0,0.0,0.0,3.38000011444092,0.0,0,0,197,125,1248,2016-05-09,1248,2016-05-09,125,197,0,0,0.0,3.38000011444092,0.0,0.0,2016-05-09,4477,76.46606060606061,113.0,52.0
6290855005,2016-04-12,4562,3.45000004768372,3.45000004768372,0.0,0.0,0.0,3.45000004768372,0.0,0,0,199,1241,2560,2016-04-12,2560,2016-04-12,1241,199,0,0,0.0,3.45000004768372,0.0,0.0,2016-04-12,4562,,,
6290855005,2016-04-13,7142,5.40000009536743,5.40000009536743,0.0,0.0,0.0,5.3899998664856,0.0099999997764825,0,0,350,1090,2905,2016-04-13,2905,2016-04-13,1090,350,0,0,0.0099999997764825,5.3899998664856,0.0,0.0,2016-04-13,7142,,,
6290855005,2016-04-14,7671,5.80000019073486,5.80000019073486,0.0,0.0,0.0,5.76999998092651,0.0299999993294477,0,0,363,1077,2952,2016-04-14,2952,2016-04-14,1077,363,0,0,0.0299999993294477,5.76999998092651,0.0,0.0,2016-04-14,7671,,,
6290855005,2016-04-15,9501,7.17999982833862,7.17999982833862,0.0,0.0,0.0,7.17000007629395,0.0099999997764825,0,0,328,1112,2896,2016-04-15,2896,2016-04-15,1112,328,0,0,0.0099999997764825,7.17000007629395,0.0,0.0,2016-04-15,9501,,,
6290855005,2016-04-16,8301,6.28000020980835,6.28000020980835,0.0,0.0,0.0,6.26999998092651,0.0099999997764825,0,0,258,1182,2783,2016-04-16,2783,2016-04-16,1182,258,0,0,0.0099999997764825,6.26999998092651,0.0,0.0,2016-04-16,8301,,,
6290855005,2016-04-17,7851,5.94000005722046,5.94000005722046,0.0,1.13999998569489,0.790000021457672,4.0,0.0,31,12,225,1172,3171,2016-04-17,3171,2016-04-17,1172,225,12,31,0.0,4.0,0.790000021457672,1.13999998569489,2016-04-17,7851,,,
6290855005,2016-04-18,6885,5.21000003814697,5.21000003814697,0.0,0.0,0.0,5.19000005722046,0.0199999995529652,0,0,271,1169,2766,2016-04-18,2766,2016-04-18,1169,271,0,0,0.0199999995529652,5.19000005722046,0.0,0.0,2016-04-18,6885,,,
6290855005,2016-04-19,7142,5.40000009536743,5.40000009536743,0.0,0.0,0.0,5.3899998664856,0.0099999997764825,0,0,321,1119,2839,2016-04-19,2839,2016-04-19,1119,321,0,0,0.0099999997764825,5.3899998664856,0.0,0.0,2016-04-19,7142,,,
6290855005,2016-04-20,6361,4.80999994277954,4.80999994277954,0.0,0.0,0.0,4.80000019073486,0.0099999997764825,0,0,258,1182,2701,2016-04-20,2701,2016-04-20,1182,258,0,0,0.0099999997764825,4.80000019073486,0.0,0.0,2016-04-20,6361,,,
6290855005,2016-04-21,0,0.0,0.0,0.0,0.0,0.0,0.0,0.0,0,0,0,1440,2060,2016-04-21,2060,2016-04-21,1440,0,0,0,0.0,0.0,0.0,0.0,2016-04-21,0,,,
6290855005,2016-04-22,6238,4.71999979019165,4.71999979019165,0.0,0.0,0.0,4.71999979019165,0.0,0,0,302,1138,2796,2016-04-22,2796,2016-04-22,1138,302,0,0,0.0,4.71999979019165,0.0,0.0,2016-04-22,6238,,,
6290855005,2016-04-23,0,0.0,0.0,0.0,0.0,0.0,0.0,0.0,33,0,0,1407,2664,2016-04-23,2664,2016-04-23,1407,0,0,33,0.0,0.0,0.0,0.0,2016-04-23,0,,,
6290855005,2016-04-24,5896,4.46000003814697,4.46000003814697,0.0,0.0,0.0,4.46000003814697,0.0,0,0,258,1182,2703,2016-04-24,2703,2016-04-24,1182,258,0,0,0.0,4.46000003814697,0.0,0.0,2016-04-24,5896,,,
6290855005,2016-04-25,7802,5.90000009536743,5.90000009536743,0.0,0.680000007152557,0.180000007152557,5.03000020980835,0.0099999997764825,8,3,249,1180,2771,2016-04-25,2771,2016-04-25,1180,249,3,8,0.0099999997764825,5.03000020980835,0.180000007152557,0.680000007152557,2016-04-25,7802,,,
6290855005,2016-04-26,0,0.0,0.0,0.0,0.0,0.0,0.0,0.0,0,0,0,1440,2060,2016-04-26,2060,2016-04-26,1440,0,0,0,0.0,0.0,0.0,0.0,2016-04-26,0,,,
6290855005,2016-04-27,5565,4.21000003814697,4.21000003814697,0.0,0.0,0.0,4.17999982833862,0.0299999993294477,0,0,287,1153,2743,2016-04-27,2743,2016-04-27,1153,287,0,0,0.0299999993294477,4.17999982833862,0.0,0.0,2016-04-27,5565,,,
6290855005,2016-04-28,5731,4.32999992370605,4.32999992370605,0.0,0.0,0.0,4.32999992370605,0.0,0,0,255,1185,2687,2016-04-28,2687,2016-04-28,1185,255,0,0,0.0,4.32999992370605,0.0,0.0,2016-04-28,5731,,,
6290855005,2016-04-29,0,0.0,0.0,0.0,0.0,0.0,0.0,0.0,0,0,0,1440,2060,2016-04-29,2060,2016-04-29,1440,0,0,0,0.0,0.0,0.0,0.0,2016-04-29,0,,,
6290855005,2016-04-30,6744,5.09999990463257,5.09999990463257,0.0,0.0,0.0,5.09000015258789,0.0099999997764825,0,0,324,1116,2843,2016-04-30,2843,2016-04-30,1116,324,0,0,0.0099999997764825,5.09000015258789,0.0,0.0,2016-04-30,6744,,,
6290855005,2016-05-01,9837,7.44000005722046,7.44000005722046,0.0,0.660000026226044,2.75,4.0,0.0199999995529652,8,95,282,1055,3327,2016-05-01,3327,2016-05-01,1055,282,95,8,0.0199999995529652,4.0,2.75,0.660000026226044,2016-05-01,9837,,,
6290855005,2016-05-02,6781,5.13000011444092,5.13000011444092,0.0,0.0,0.0,5.1100001335144,0.0199999995529652,0,0,268,1172,2725,2016-05-02,2725,2016-05-02,1172,268,0,0,0.0199999995529652,5.1100001335144,0.0,0.0,2016-05-02,6781,,,
6290855005,2016-05-03,6047,4.57000017166138,4.57000017166138,0.0,0.0,0.0,4.57000017166138,0.0,0,0,240,1200,2671,2016-05-03,2671,2016-05-03,1200,240,0,0,0.0,4.57000017166138,0.0,0.0,2016-05-03,6047,,,
6290855005,2016-05-04,5832,4.40999984741211,4.40999984741211,0.0,0.0,0.0,4.40000009536743,0.0099999997764825,0,0,272,1168,2718,2016-05-04,2718,2016-05-04,1168,272,0,0,0.0099999997764825,4.40000009536743,0.0,0.0,2016-05-04,5832,,,
6290855005,2016-05-05,6339,4.78999996185303,4.78999996185303,0.0,0.0,0.0,4.78999996185303,0.0,0,0,239,1201,2682,2016-05-05,2682,2016-05-05,1201,239,0,0,0.0,4.78999996185303,0.0,0.0,2016-05-05,6339,,,
6290855005,2016-05-06,6116,4.61999988555908,4.61999988555908,0.0,0.0,0.0,4.59000015258789,0.0299999993294477,0,0,305,1135,2806,2016-05-06,2806,2016-05-06,1135,305,0,0,0.0299999993294477,4.59000015258789,0.0,0.0,2016-05-06,6116,,,
6290855005,2016-05-07,5510,4.17000007629395,4.17000007629395,0.0,0.0,0.0,4.15999984741211,0.0,0,0,227,1213,2613,2016-05-07,2613,2016-05-07,1213,227,0,0,0.0,4.15999984741211,0.0,0.0,2016-05-07,5510,,,
6290855005,2016-05-08,7706,5.82999992370605,5.82999992370605,0.0,0.0,0.0,5.82000017166138,0.0,0,0,251,1189,2712,2016-05-08,2712,2016-05-08,1189,251,0,0,0.0,5.82000017166138,0.0,0.0,2016-05-08,7706,,,
6290855005,2016-05-09,6277,4.75,4.75,0.0,0.0,0.0,4.73000001907349,0.0199999995529652,0,0,264,800,2175,2016-05-09,2175,2016-05-09,800,264,0,0,0.0199999995529652,4.73000001907349,0.0,0.0,2016-05-09,6277,,,
6290855005,2016-05-10,0,0.0,0.0,0.0,0.0,0.0,0.0,0.0,0,0,0,1440,0,2016-05-10,0,2016-05-10,1440,0,0,0,0.0,0.0,0.0,0.0,2016-05-10,0,,,
6775888955,2016-04-12,0,0.0,0.0,0.0,0.0,0.0,0.0,0.0,0,0,0,1440,1841,2016-04-12,1841,2016-04-12,1440,0,0,0,0.0,0.0,0.0,0.0,2016-04-12,0,,,
6775888955,2016-04-13,4053,2.91000008583069,2.91000008583069,0.0,1.11000001430511,0.579999983310699,1.22000002861023,0.0,17,18,85,1053,2400,2016-04-13,2400,2016-04-13,1053,85,18,17,0.0,1.22000002861023,0.579999983310699,1.11000001430511,2016-04-13,4053,82.71974376572867,135.0,55.0
6775888955,2016-04-14,5162,3.70000004768372,3.70000004768372,0.0,0.870000004768372,0.860000014305115,1.97000002861023,0.0,14,24,105,863,2507,2016-04-14,2507,2016-04-14,863,105,24,14,0.0,1.97000002861023,0.860000014305115,0.870000004768372,2016-04-14,5162,79.26807673389081,134.0,57.0
6775888955,2016-04-15,1282,0.920000016689301,0.920000016689301,0.0,0.0,0.0,0.920000016689301,0.0,0,0,58,976,2127,2016-04-15,2127,2016-04-15,976,58,0,0,0.0,0.920000016689301,0.0,0.0,2016-04-15,1282,80.59450072358901,126.0,62.0
6775888955,2016-04-16,4732,3.39000010490417,3.39000010490417,0.0,2.51999998092651,0.810000002384186,0.0599999986588955,0.0,36,18,9,1377,2225,2016-04-16,2225,2016-04-16,1377,9,18,36,0.0,0.0599999986588955,0.810000002384186,2.51999998092651,2016-04-16,4732,108.616298811545,143.0,70.0
6775888955,2016-04-17,2497,1.78999996185303,1.78999996185303,0.0,0.349999994039536,1.12999999523163,0.310000002384186,0.0,5,24,19,1392,2067,2016-04-17,2067,2016-04-17,1392,19,24,5,0.0,0.310000002384186,1.12999999523163,0.349999994039536,2016-04-17,2497,102.36886993603412,118.0,70.0
6775888955,2016-04-18,8294,5.94999980926514,5.94999980926514,0.0,2.0,0.769999980926514,3.17000007629395,0.0,30,31,146,1233,2798,2016-04-18,2798,2016-04-18,1233,146,31,30,0.0,3.17000007629395,0.769999980926514,2.0,2016-04-18,8294,97.71949784229109,177.0,66.0
6775888955,2016-04-19,0,0.0,0.0,0.0,0.0,0.0,0.0,0.0,0,0,0,1440,1841,2016-04-19,1841,2016-04-19,1440,0,0,0,0.0,0.0,0.0,0.0,2016-04-19,0,99.46153846153847,177.0,66.0
6775888955,2016-04-20,10771,7.71999979019165,7.71999979019165,0.0,3.76999998092651,1.74000000953674,2.22000002861023,0.0,70,113,178,1079,3727,2016-04-20,3727,2016-04-20,1079,178,113,70,0.0,2.22000002861023,1.74000000953674,3.76999998092651,2016-04-20,10771,105.63590795169742,155.0,70.0
6775888955,2016-04-21,0,0.0,0.0,0.0,0.0,0.0,0.0,0.0,0,0,0,1440,1841,2016-04-21,1841,2016-04-21,1440,0,0,0,0.0,0.0,0.0,0.0,2016-04-21,0,,,
6775888955,2016-04-22,637,0.46000000834465,0.46000000834465,0.0,0.0,0.0,0.46000000834465,0.0,0,0,20,1420,1922,2016-04-22,1922,2016-04-22,1420,20,0,0,0.0,0.46000000834465,0.0,0.0,2016-04-22,637,90.88823529411765,123.0,66.0
6775888955,2016-04-23,0,0.0,0.0,0.0,0.0,0.0,0.0,0.0,0,0,0,1440,1841,2016-04-23,1841,2016-04-23,1440,0,0,0,0.0,0.0,0.0,0.0,2016-04-23,0,,,
6775888955,2016-04-24,2153,1.53999996185303,1.53999996185303,0.0,0.769999980926514,0.620000004768372,0.150000005960464,0.0,11,18,11,1400,2053,2016-04-24,2053,2016-04-24,1400,11,18,11,0.0,0.150000005960464,0.620000004768372,0.769999980926514,2016-04-24,2153,109.78962536023054,140.0,70.0
6775888955,2016-04-25,6474,4.6399998664856,4.6399998664856,0.0,2.26999998092651,0.46000000834465,1.89999997615814,0.0,33,13,92,1302,2484,2016-04-25,2484,2016-04-25,1302,92,13,33,0.0,1.89999997615814,0.46000000834465,2.26999998092651,2016-04-25,6474,94.66481994459834,131.0,58.0
6775888955,2016-04-26,7091,5.26999998092651,5.26999998092651,1.95959603786469,3.48000001907349,0.870000004768372,0.730000019073486,0.0,42,30,47,1321,2584,2016-04-26,2584,2016-04-26,1321,47,30,42,0.0,0.730000019073486,0.870000004768372,3.48000001907349,2016-04-26,7091,99.66020593579648,143.0,56.0
6775888955,2016-04-27,0,0.0,0.0,0.0,0.0,0.0,0.0,0.0,0,0,0,1440,1841,2016-04-27,1841,2016-04-27,1440,0,0,0,0.0,0.0,0.0,0.0,2016-04-27,0,,,
6775888955,2016-04-28,703,0.5,0.5,0.0,0.0599999986588955,0.200000002980232,0.239999994635582,0.0,2,13,15,1410,1993,2016-04-28,1993,2016-04-28,1410,15,13,2,0.0,0.239999994635582,0.200000002980232,0.0599999986588955,2016-04-28,703,104.70873786407768,134.0,70.0
6775888955,2016-04-29,0,0.0,0.0,0.0,0.0,0.0,0.0,0.0,0,0,0,1440,1841,2016-04-29,1841,2016-04-29,1440,0,0,0,0.0,0.0,0.0,0.0,2016-04-29,0,81.78947368421052,109.0,70.0
6775888955,2016-04-30,2503,1.78999996185303,1.78999996185303,0.0,0.159999996423721,0.159999996423721,1.48000001907349,0.0,3,9,84,1344,2280,2016-04-30,2280,2016-04-30,1344,84,9,3,0.0,1.48000001907349,0.159999996423721,0.159999996423721,2016-04-30,2503,96.10215350635008,125.0,68.0
6775888955,2016-05-01,2487,1.77999997138977,1.77999997138977,0.0,0.479999989271164,0.620000004768372,0.680000007152557,0.0,9,34,50,1347,2319,2016-05-01,2319,2016-05-01,1347,50,34,9,0.0,0.680000007152557,0.620000004768372,0.479999989271164,2016-05-01,2487,107.13917050691244,129.0,70.0
6775888955,2016-05-02,0,0.0,0.0,0.0,0.0,0.0,0.0,0.0,0,0,0,1440,1841,2016-05-02,1841,2016-05-02,1440,0,0,0,0.0,0.0,0.0,0.0,2016-05-02,0,,,
6775888955,2016-05-03,9,0.0099999997764825,0.0099999997764825,0.0,0.0,0.0,0.0099999997764825,0.0,0,0,1,1439,1843,2016-05-03,1843,2016-05-03,1439,1,0,0,0.0,0.0099999997764825,0.0,0.0,2016-05-03,9,,,
6775888955,2016-05-04,0,0.0,0.0,0.0,0.0,0.0,0.0,0.0,0,0,0,1440,1841,2016-05-04,1841,2016-05-04,1440,0,0,0,0.0,0.0,0.0,0.0,2016-05-04,0,,,
6775888955,2016-05-05,0,0.0,0.0,0.0,0.0,0.0,0.0,0.0,0,0,0,1440,1841,2016-05-05,1841,2016-05-05,1440,0,0,0,0.0,0.0,0.0,0.0,2016-05-05,0,,,
6775888955,2016-05-06,4697,3.36999988555908,3.36999988555908,0.0,0.469999998807907,0.930000007152557,1.92999994754791,0.0,12,35,75,1318,2496,2016-05-06,2496,2016-05-06,1318,75,35,12,0.0,1.92999994754791,0.930000007152557,0.469999998807907,2016-05-06,4697,98.85751072961374,135.0,71.0
6775888955,2016-05-07,1967,1.4099999666214,1.4099999666214,0.0,0.129999995231628,0.239999994635582,1.04999995231628,0.0,2,5,49,551,1032,2016-05-07,1032,2016-05-07,551,49,5,2,0.0,1.04999995231628,0.239999994635582,0.129999995231628,2016-05-07,1967,94.22182786157941,118.0,70.0
6962181067,2016-04-12,10199,6.73999977111816,6.73999977111816,0.0,3.40000009536743,0.829999983310699,2.50999999046326,0.0,50,14,189,796,1994,2016-04-12,1994,2016-04-12,796,189,14,50,0.0,2.50999999046326,0.829999983310699,3.40000009536743,2016-04-12,10199,85.03632013919095,176.0,47.0
6962181067,2016-04-13,5652,3.74000000953674,3.74000000953674,0.0,0.569999992847443,1.21000003814697,1.96000003814697,0.0,8,24,142,548,1718,2016-04-13,1718,2016-04-13,548,142,24,8,0.0,1.96000003814697,1.21000003814697,0.569999992847443,2016-04-13,5652,80.51959835470602,149.0,59.0
6962181067,2016-04-14,1551,1.02999997138977,1.02999997138977,0.0,0.0,0.0,1.02999997138977,0.0,0,0,86,862,1466,2016-04-14,1466,2016-04-14,862,86,0,0,0.0,1.02999997138977,0.0,0.0,2016-04-14,1551,70.12622079367041,131.0,55.0
6962181067,2016-04-15,5563,3.6800000667572,3.6800000667572,0.0,0.0,0.0,3.6800000667572,0.0,0,0,217,837,1756,2016-04-15,1756,2016-04-15,837,217,0,0,0.0,3.6800000667572,0.0,0.0,2016-04-15,5563,72.99198084979055,115.0,54.0
6962181067,2016-04-16,13217,8.73999977111816,8.73999977111816,0.0,3.66000008583069,0.189999997615814,4.88000011444092,0.0,50,3,280,741,2173,2016-04-16,2173,2016-04-16,741,280,3,50,0.0,4.88000011444092,0.189999997615814,3.66000008583069,2016-04-16,13217,82.04018218623482,142.0,55.0
6962181067,2016-04-17,10145,6.71000003814697,6.71000003814697,0.0,0.330000013113022,0.680000007152557,5.69000005722046,0.0,5,13,295,634,2027,2016-04-17,2027,2016-04-17,634,295,13,5,0.0,5.69000005722046,0.680000007152557,0.330000013113022,2016-04-17,10145,76.66448880822746,139.0,58.0
6962181067,2016-04-18,11404,7.53999996185303,7.53999996185303,0.0,0.829999983310699,2.39000010490417,4.32000017166138,0.0,13,42,238,689,2039,2016-04-18,2039,2016-04-18,689,238,42,13,0.0,4.32000017166138,2.39000010490417,0.829999983310699,2016-04-18,11404,76.9169910837624,134.0,55.0
6962181067,2016-04-19,10742,7.09999990463257,7.09999990463257,0.0,2.09999990463257,2.13000011444092,2.86999988555908,0.0,35,41,195,659,2046,2016-04-19,2046,2016-04-19,659,195,41,35,0.0,2.86999988555908,2.13000011444092,2.09999990463257,2016-04-19,10742,77.42858801672085,135.0,58.0
6962181067,2016-04-20,13928,9.55000019073486,9.55000019073486,0.0,4.28000020980835,0.189999997615814,5.09000015258789,0.0,48,4,297,639,2174,2016-04-20,2174,2016-04-20,639,297,4,48,0.0,5.09000015258789,0.189999997615814,4.28000020980835,2016-04-20,13928,74.90601080594327,137.0,50.0
6962181067,2016-04-21,11835,9.71000003814697,7.88000011444092,4.08169221878052,3.99000000953674,2.09999990463257,3.50999999046326,0.109999999403954,53,27,214,708,2179,2016-04-21,2179,2016-04-21,708,214,27,53,0.109999999403954,3.50999999046326,2.09999990463257,3.99000000953674,2016-04-21,11835,83.47130206625123,173.0,49.0
6962181067,2016-04-22,10725,7.09000015258789,7.09000015258789,0.0,1.76999998092651,1.54999995231628,3.76999998092651,0.0,30,33,240,659,2086,2016-04-22,2086,2016-04-22,659,240,33,30,0.0,3.76999998092651,1.54999995231628,1.76999998092651,2016-04-22,10725,79.11627137341424,169.0,55.0
6962181067,2016-04-23,20031,13.2399997711182,13.2399997711182,0.0,4.19999980926514,2.0,7.03999996185303,0.0,58,41,347,484,2571,2016-04-23,2571,2016-04-23,484,347,41,58,0.0,7.03999996185303,2.0,4.19999980926514,2016-04-23,20031,84.64590097402598,152.0,52.0
6962181067,2016-04-24,5029,3.3199999332428,3.3199999332428,0.0,0.0,0.0,3.3199999332428,0.0,0,0,199,720,1705,2016-04-24,1705,2016-04-24,720,199,0,0,0.0,3.3199999332428,0.0,0.0,2016-04-24,5029,68.82344093486059,114.0,49.0
6962181067,2016-04-25,13239,9.27000045776367,9.07999992370605,2.78517508506775,3.01999998092651,1.67999994754791,4.46000003814697,0.100000001490116,35,31,282,637,2194,2016-04-25,2194,2016-04-25,637,282,31,35,0.100000001490116,4.46000003814697,1.67999994754791,3.01999998092651,2016-04-25,13239,73.98988232706478,142.0,51.0
6962181067,2016-04-26,10433,6.90000009536743,6.90000009536743,0.0,2.57999992370605,0.419999986886978,3.90000009536743,0.0,36,7,254,680,2012,2016-04-26,2012,2016-04-26,680,254,7,36,0.0,3.90000009536743,0.419999986886978,2.57999992370605,2016-04-26,10433,77.07536166872266,140.0,51.0
6962181067,2016-04-27,10320,6.82000017166138,6.82000017166138,0.0,0.550000011920929,2.01999998092651,4.25,0.0,7,38,279,697,2034,2016-04-27,2034,2016-04-27,697,279,38,7,0.0,4.25,2.01999998092651,0.550000011920929,2016-04-27,10320,72.99697498545666,142.0,53.0
6962181067,2016-04-28,12627,8.35000038146973,8.35000038146973,0.0,2.50999999046326,0.239999994635582,5.59000015258789,0.0,38,8,288,621,2182,2016-04-28,2182,2016-04-28,621,288,8,38,0.0,5.59000015258789,0.239999994635582,2.50999999046326,2016-04-28,12627,82.0752688172043,174.0,54.0
6962181067,2016-04-29,10762,7.1100001335144,7.1100001335144,0.0,0.819999992847443,0.479999989271164,5.80999994277954,0.0,12,15,369,645,2254,2016-04-29,2254,2016-04-29,645,369,15,12,0.0,5.80999994277954,0.479999989271164,0.819999992847443,2016-04-29,10762,80.9635204922536,141.0,56.0
6962181067,2016-04-30,10081,6.65999984741211,6.65999984741211,0.0,2.24000000953674,0.759999990463257,3.67000007629395,0.0,32,16,237,731,2002,2016-04-30,2002,2016-04-30,731,237,16,32,0.0,3.67000007629395,0.759999990463257,2.24000000953674,2016-04-30,10081,80.1626647834275,141.0,53.0
6962181067,2016-05-01,5454,3.60999989509583,3.60999989509583,0.0,0.0,0.0,3.60999989509583,0.0,0,0,215,722,1740,2016-05-01,1740,2016-05-01,722,215,0,0,0.0,3.60999989509583,0.0,0.0,2016-05-01,5454,73.29039031620553,127.0,56.0
6962181067,2016-05-02,12912,8.53999996185303,8.53999996185303,0.0,1.20000004768372,2.0,5.34000015258789,0.0,18,39,313,655,2162,2016-05-02,2162,2016-05-02,655,313,39,18,0.0,5.34000015258789,2.0,1.20000004768372,2016-05-02,12912,79.67409119562933,140.0,56.0
6962181067,2016-05-03,12109,8.11999988555908,8.11999988555908,0.0,1.74000000953674,2.03999996185303,4.32999992370605,0.0,21,36,267,654,2072,2016-05-03,2072,2016-05-03,654,267,36,21,0.0,4.32999992370605,2.03999996185303,1.74000000953674,2016-05-03,12109,75.40436222450612,157.0,53.0
6962181067,2016-05-04,10147,6.71000003814697,6.71000003814697,0.0,0.469999998807907,1.67999994754791,4.55000019073486,0.0,15,36,284,683,2086,2016-05-04,2086,2016-05-04,683,284,36,15,0.0,4.55000019073486,1.67999994754791,0.469999998807907,2016-05-04,10147,79.47459105779717,174.0,55.0
6962181067,2016-05-05,10524,6.96000003814697,6.96000003814697,0.0,0.990000009536743,1.1599999666214,4.80999994277954,0.0,14,22,305,591,2066,2016-05-05,2066,2016-05-05,591,305,22,14,0.0,4.80999994277954,1.1599999666214,0.990000009536743,2016-05-05,10524,76.64476227290298,128.0,54.0
6962181067,2016-05-06,5908,3.91000008583069,3.91000008583069,0.0,0.0,0.0,3.91000008583069,0.0,0,0,299,717,1850,2016-05-06,1850,2016-05-06,717,299,0,0,0.0,3.91000008583069,0.0,0.0,2016-05-06,5908,72.33436738311545,114.0,52.0
6962181067,2016-05-07,6815,4.5,4.5,0.0,0.0,0.0,4.5,0.0,0,0,328,745,1947,2016-05-07,1947,2016-05-07,745,328,0,0,0.0,4.5,0.0,0.0,2016-05-07,6815,76.97600374575676,125.0,57.0
6962181067,2016-05-08,4188,2.76999998092651,2.76999998092651,0.0,0.0,0.519999980926514,2.25,0.0,0,14,151,709,1659,2016-05-08,1659,2016-05-08,709,151,14,0,0.0,2.25,0.519999980926514,0.0,2016-05-08,4188,74.99709744298549,116.0,54.0
6962181067,2016-05-09,12342,8.72000026702881,8.68000030517578,3.16782188415527,3.90000009536743,1.17999994754791,3.65000009536743,0.0,43,21,231,607,2105,2016-05-09,2105,2016-05-09,607,231,21,43,0.0,3.65000009536743,1.17999994754791,3.90000009536743,2016-05-09,12342,77.01762783095961,181.0,56.0
6962181067,2016-05-10,15448,10.210000038147,10.210000038147,0.0,3.47000002861023,1.75,4.98999977111816,0.0,62,34,275,626,2361,2016-05-10,2361,2016-05-10,626,275,34,62,0.0,4.98999977111816,1.75,3.47000002861023,2016-05-10,15448,83.32208250606662,184.0,57.0
6962181067,2016-05-11,6722,4.44000005722046,4.44000005722046,0.0,1.49000000953674,0.310000002384186,2.65000009536743,0.0,24,7,199,709,1855,2016-05-11,1855,2016-05-11,709,199,7,24,0.0,2.65000009536743,0.310000002384186,1.49000000953674,2016-05-11,6722,79.25104235242485,145.0,53.0
6962181067,2016-05-12,3587,2.36999988555908,2.36999988555908,0.0,0.0,0.25,2.10999989509583,0.0,0,8,105,127,928,2016-05-12,928,2016-05-12,127,105,8,0,0.0,2.10999989509583,0.25,0.0,2016-05-12,3587,75.71574096531651,117.0,60.0
7007744171,2016-04-12,14172,10.289999961853,9.47999954223633,4.8697829246521,4.5,0.379999995231628,5.40999984741211,0.0,53,8,355,1024,2937,2016-04-12,2937,2016-04-12,1024,355,8,53,0.0,5.40999984741211,0.379999995231628,4.5,2016-04-12,14172,96.42644387940429,151.0,70.0
7007744171,2016-04-13,12862,9.64999961853027,8.60000038146973,4.8513069152832,4.6100001335144,0.560000002384186,4.48000001907349,0.0,56,22,261,1101,2742,2016-04-13,2742,2016-04-13,1101,261,22,56,0.0,4.48000001907349,0.560000002384186,4.6100001335144,2016-04-13,12862,93.00640161725067,144.0,70.0
7007744171,2016-04-14,11179,8.23999977111816,7.48000001907349,3.28541493415833,2.95000004768372,0.340000003576279,4.96000003814697,0.0,34,6,304,1096,2668,2016-04-14,2668,2016-04-14,1096,304,6,34,0.0,4.96000003814697,0.340000003576279,2.95000004768372,2016-04-14,11179,92.3463724506854,132.0,54.0
7007744171,2016-04-15,5273,3.52999997138977,3.52999997138977,0.0,0.0,0.0,3.52999997138977,0.0,0,0,202,1238,2098,2016-04-15,2098,2016-04-15,1238,202,0,0,0.0,3.52999997138977,0.0,0.0,2016-04-15,5273,84.83902094610497,128.0,60.0
7007744171,2016-04-16,4631,3.09999990463257,3.09999990463257,0.0,0.0,0.0,3.09999990463257,0.0,0,0,203,1155,2076,2016-04-16,2076,2016-04-16,1155,203,0,0,0.0,3.09999990463257,0.0,0.0,2016-04-16,4631,79.95248226950355,129.0,61.0
7007744171,2016-04-17,8059,5.3899998664856,5.3899998664856,0.0,0.0,0.0,5.3899998664856,0.0,0,0,305,1135,2383,2016-04-17,2383,2016-04-17,1135,305,0,0,0.0,5.3899998664856,0.0,0.0,2016-04-17,8059,85.97764946917489,127.0,63.0
7007744171,2016-04-18,14816,10.9799995422363,9.90999984741211,4.93055009841919,3.78999996185303,2.11999988555908,5.05000019073486,0.0199999995529652,48,31,284,1077,2832,2016-04-18,2832,2016-04-18,1077,284,31,48,0.0199999995529652,5.05000019073486,2.11999988555908,3.78999996185303,2016-04-18,14816,93.21345934495682,139.0,65.0
7007744171,2016-04-19,14194,10.4799995422363,9.5,4.94214200973511,4.40999984741211,0.759999990463257,5.30999994277954,0.0,53,17,304,1066,2812,2016-04-19,2812,2016-04-19,1066,304,17,53,0.0,5.30999994277954,0.759999990463257,4.40999984741211,2016-04-19,14194,94.4138051246296,138.0,67.0
7007744171,2016-04-20,15566,11.3100004196167,10.4099998474121,4.92484092712402,4.78999996185303,0.670000016689301,5.8600001335144,0.0,60,33,347,1000,3096,2016-04-20,3096,2016-04-20,1000,347,33,60,0.0,5.8600001335144,0.670000016689301,4.78999996185303,2016-04-20,15566,96.79697587495752,151.0,70.0
7007744171,2016-04-21,13744,9.1899995803833,9.1899995803833,0.0,2.15000009536743,1.87000000476837,5.17000007629395,0.0,30,34,327,1049,2763,2016-04-21,2763,2016-04-21,1049,327,34,30,0.0,5.17000007629395,1.87000000476837,2.15000009536743,2016-04-21,13744,92.19450171821306,136.0,64.0
7007744171,2016-04-22,15299,10.2399997711182,10.2399997711182,0.0,4.09999990463257,1.75999999046326,4.36999988555908,0.0,64,50,261,1065,2889,2016-04-22,2889,2016-04-22,1065,261,50,64,0.0,4.36999988555908,1.75999999046326,4.09999990463257,2016-04-22,15299,93.92858369098713,156.0,57.0
7007744171,2016-04-23,8093,5.40999984741211,5.40999984741211,0.0,0.129999995231628,1.12999999523163,4.15000009536743,0.0,2,25,223,1190,2284,2016-04-23,2284,2016-04-23,1190,223,25,2,0.0,4.15000009536743,1.12999999523163,0.129999995231628,2016-04-23,8093,93.28872775214239,135.0,66.0
7007744171,2016-04-24,11085,7.42000007629395,7.42000007629395,0.0,0.0,0.0,7.42000007629395,0.0,0,0,419,1021,2667,2016-04-24,2667,2016-04-24,1021,419,0,0,0.0,7.42000007629395,0.0,0.0,2016-04-24,11085,95.19453842435959,122.0,66.0
7007744171,2016-04-25,18229,13.3400001525879,12.1999998092651,4.86179208755493,4.30999994277954,1.37000000476837,7.67000007629395,0.0,51,24,379,986,3055,2016-04-25,3055,2016-04-25,986,379,24,51,0.0,7.67000007629395,1.37000000476837,4.30999994277954,2016-04-25,18229,94.64476021314387,137.0,60.0
7007744171,2016-04-26,15090,10.1000003814697,10.1000003814697,0.0,0.930000007152557,0.939999997615814,8.22999954223633,0.0,16,22,424,978,2939,2016-04-26,2939,2016-04-26,978,424,22,16,0.0,8.22999954223633,0.939999997615814,0.930000007152557,2016-04-26,15090,90.65212512273811,143.0,63.0
7007744171,2016-04-27,13541,10.2200002670288,9.0600004196167,4.88560485839844,4.26999998092651,0.660000026226044,5.28999996185303,0.0,50,12,337,1041,2830,2016-04-27,2830,2016-04-27,1041,337,12,50,0.0,5.28999996185303,0.660000026226044,4.26999998092651,2016-04-27,13541,95.18625238673842,137.0,71.0
7007744171,2016-04-28,15128,10.1199998855591,10.1199998855591,0.0,1.0900000333786,0.769999980926514,8.26000022888184,0.0,16,16,401,1007,2836,2016-04-28,2836,2016-04-28,1007,401,16,16,0.0,8.26000022888184,0.769999980926514,1.0900000333786,2016-04-28,15128,89.45166402535658,152.0,58.0
7007744171,2016-04-29,20067,14.3000001907349,13.4200000762939,4.91114616394043,4.30999994277954,2.04999995231628,7.94999980926514,0.0,55,42,382,961,3180,2016-04-29,3180,2016-04-29,961,382,42,55,0.0,7.94999980926514,2.04999995231628,4.30999994277954,2016-04-29,20067,93.94141876430206,145.0,63.0
7007744171,2016-04-30,3761,2.51999998092651,2.51999998092651,0.0,0.0,0.0,2.51999998092651,0.0,0,0,200,1240,2051,2016-04-30,2051,2016-04-30,1240,200,0,0,0.0,2.51999998092651,0.0,0.0,2016-04-30,3761,80.32344497607656,124.0,61.0
7007744171,2016-05-01,5600,3.75,3.75,0.0,0.0,0.0,3.75,0.0,0,0,237,1142,2225,2016-05-01,2225,2016-05-01,1142,237,0,0,0.0,3.75,0.0,0.0,2016-05-01,5600,84.96455424274973,128.0,57.0
7007744171,2016-05-02,13041,9.18000030517578,8.72000026702881,2.83232593536377,4.6399998664856,0.699999988079071,3.82999992370605,0.0,64,14,250,1112,2642,2016-05-02,2642,2016-05-02,1112,250,14,64,0.0,3.82999992370605,0.699999988079071,4.6399998664856,2016-05-02,13041,86.10571081409478,147.0,58.0
7007744171,2016-05-03,14510,10.8699998855591,9.71000003814697,4.91236782073975,4.48000001907349,1.01999998092651,5.3600001335144,0.0,58,31,330,1021,2976,2016-05-03,2976,2016-05-03,1021,330,31,58,0.0,5.3600001335144,1.01999998092651,4.48000001907349,2016-05-03,14510,93.36198046034112,138.0,65.0
7007744171,2016-05-04,0,0.0,0.0,0.0,0.0,0.0,0.0,0.0,0,0,0,1440,1557,2016-05-04,1557,2016-05-04,1440,0,0,0,0.0,0.0,0.0,0.0,2016-05-04,0,,,
7007744171,2016-05-05,15010,11.1000003814697,10.039999961853,4.8782320022583,4.32999992370605,1.28999996185303,5.48000001907349,0.0,53,23,317,1047,2933,2016-05-05,2933,2016-05-05,1047,317,23,53,0.0,5.48000001907349,1.28999996185303,4.32999992370605,2016-05-05,15010,97.89637305699482,133.0,70.0
7007744171,2016-05-06,11459,7.67000007629395,7.67000007629395,0.0,3.0,0.810000002384186,3.85999989509583,0.0,44,13,247,1136,2553,2016-05-06,2553,2016-05-06,1136,247,13,44,0.0,3.85999989509583,0.810000002384186,3.0,2016-05-06,11459,87.15,166.0,62.0
7007744171,2016-05-07,0,0.0,0.0,0.0,0.0,0.0,0.0,0.0,0,0,0,111,120,2016-05-07,120,2016-05-07,111,0,0,0,0.0,0.0,0.0,0.0,2016-05-07,0,,,
7086361926,2016-04-12,11317,8.40999984741211,8.40999984741211,0.0,5.26999998092651,0.150000005960464,2.97000002861023,0.0,59,6,153,745,2772,2016-04-12,2772,2016-04-12,745,153,6,59,0.0,2.97000002861023,0.150000005960464,5.26999998092651,2016-04-12,11317,,,
7086361926,2016-04-13,5813,3.61999988555908,3.61999988555908,0.0,0.560000002384186,0.209999993443489,2.83999991416931,0.0,31,26,155,744,2516,2016-04-13,2516,2016-04-13,744,155,26,31,0.0,2.83999991416931,0.209999993443489,0.560000002384186,2016-04-13,5813,,,
7086361926,2016-04-14,9123,6.11999988555908,6.11999988555908,0.0,2.02999997138977,0.330000013113022,3.66000008583069,0.0,35,32,189,787,2734,2016-04-14,2734,2016-04-14,787,189,32,35,0.0,3.66000008583069,0.330000013113022,2.02999997138977,2016-04-14,9123,,,
7086361926,2016-04-15,8585,5.67000007629395,5.67000007629395,0.0,2.03999996185303,1.11000001430511,2.52999997138977,0.0,30,21,139,864,2395,2016-04-15,2395,2016-04-15,864,139,21,30,0.0,2.52999997138977,1.11000001430511,2.03999996185303,2016-04-15,8585,,,
7086361926,2016-04-16,31,0.0099999997764825,0.0099999997764825,0.0,0.0,0.0,0.0099999997764825,0.0,0,0,3,1437,1635,2016-04-16,1635,2016-04-16,1437,3,0,0,0.0,0.0099999997764825,0.0,0.0,2016-04-16,31,,,
7086361926,2016-04-17,0,0.0,0.0,0.0,0.0,0.0,0.0,0.0,0,0,0,1440,1629,2016-04-17,1629,2016-04-17,1440,0,0,0,0.0,0.0,0.0,0.0,2016-04-17,0,,,
7086361926,2016-04-18,9827,6.71000003814697,6.71000003814697,0.0,3.17000007629395,1.22000002861023,2.30999994277954,0.0,61,51,114,1136,2743,2016-04-18,2743,2016-04-18,1136,114,51,61,0.0,2.30999994277954,1.22000002861023,3.17000007629395,2016-04-18,9827,,,
7086361926,2016-04-19,10688,7.28999996185303,7.28999996185303,0.0,3.52999997138977,1.23000001907349,2.50999999046326,0.0,67,69,124,671,2944,2016-04-19,2944,2016-04-19,671,124,69,67,0.0,2.50999999046326,1.23000001907349,3.52999997138977,2016-04-19,10688,,,
7086361926,2016-04-20,14365,10.6400003433228,10.6400003433228,0.0,7.6399998664856,0.449999988079071,2.53999996185303,0.0,87,13,145,797,2997,2016-04-20,2997,2016-04-20,797,145,13,87,0.0,2.53999996185303,0.449999988079071,7.6399998664856,2016-04-20,14365,,,
7086361926,2016-04-21,9469,6.17999982833862,6.17999982833862,0.0,1.36000001430511,0.300000011920929,4.51000022888184,0.0,19,6,206,758,2463,2016-04-21,2463,2016-04-21,758,206,6,19,0.0,4.51000022888184,0.300000011920929,1.36000001430511,2016-04-21,9469,,,
7086361926,2016-04-22,9753,6.53000020980835,6.53000020980835,0.0,2.86999988555908,0.970000028610229,2.67000007629395,0.0,58,59,153,762,2846,2016-04-22,2846,2016-04-22,762,153,59,58,0.0,2.67000007629395,0.970000028610229,2.86999988555908,2016-04-22,9753,,,
7086361926,2016-04-23,2817,1.80999994277954,1.80999994277954,0.0,0.0,0.0,1.79999995231628,0.0,0,0,90,1350,1965,2016-04-23,1965,2016-04-23,1350,90,0,0,0.0,1.79999995231628,0.0,0.0,2016-04-23,2817,,,
7086361926,2016-04-24,3520,2.16000008583069,2.16000008583069,0.0,0.0,0.0,2.15000009536743,0.0,0,0,125,566,2049,2016-04-24,2049,2016-04-24,566,125,0,0,0.0,2.15000009536743,0.0,0.0,2016-04-24,3520,,,
7086361926,2016-04-25,10091,6.82000017166138,6.82000017166138,0.0,3.75,0.699999988079071,2.36999988555908,0.0,69,39,129,706,2752,2016-04-25,2752,2016-04-25,706,129,39,69,0.0,2.36999988555908,0.699999988079071,3.75,2016-04-25,10091,,,
7086361926,2016-04-26,10387,7.07000017166138,7.07000017166138,0.0,4.15999984741211,0.769999980926514,2.11999988555908,0.0,70,33,132,726,2781,2016-04-26,2781,2016-04-26,726,132,33,70,0.0,2.11999988555908,0.769999980926514,4.15999984741211,2016-04-26,10387,,,
7086361926,2016-04-27,11107,8.34000015258789,8.34000015258789,0.0,5.63000011444092,0.180000007152557,2.52999997138977,0.0,55,6,145,829,2693,2016-04-27,2693,2016-04-27,829,145,6,55,0.0,2.52999997138977,0.180000007152557,5.63000011444092,2016-04-27,11107,,,
7086361926,2016-04-28,11584,7.80000019073486,7.80000019073486,0.0,2.78999996185303,1.63999998569489,3.35999989509583,0.0,54,48,161,810,2862,2016-04-28,2862,2016-04-28,810,161,48,54,0.0,3.35999989509583,1.63999998569489,2.78999996185303,2016-04-28,11584,,,
7086361926,2016-04-29,7881,4.94999980926514,4.94999980926514,0.0,0.490000009536743,0.449999988079071,4.0,0.0,24,36,182,1198,2616,2016-04-29,2616,2016-04-29,1198,182,36,24,0.0,4.0,0.449999988079071,0.490000009536743,2016-04-29,7881,,,
7086361926,2016-04-30,14560,9.40999984741211,9.40999984741211,0.0,3.11999988555908,1.03999996185303,5.23999977111816,0.0,42,17,308,584,2995,2016-04-30,2995,2016-04-30,584,308,17,42,0.0,5.23999977111816,1.03999996185303,3.11999988555908,2016-04-30,14560,,,
7086361926,2016-05-01,12390,8.06999969482422,8.06999969482422,0.0,2.29999995231628,0.899999976158142,4.84999990463257,0.0,30,15,258,685,2730,2016-05-01,2730,2016-05-01,685,258,15,30,0.0,4.84999990463257,0.899999976158142,2.29999995231628,2016-05-01,12390,,,
7086361926,2016-05-02,10052,6.80999994277954,6.80999994277954,0.0,3.48000001907349,0.660000026226044,2.66000008583069,0.0,66,26,139,737,2754,2016-05-02,2754,2016-05-02,737,139,26,66,0.0,2.66000008583069,0.660000026226044,3.48000001907349,2016-05-02,10052,,,
7086361926,2016-05-03,10288,6.76000022888184,6.76000022888184,0.0,2.74000000953674,0.850000023841858,3.16000008583069,0.0,57,36,152,761,2754,2016-05-03,2754,2016-05-03,761,152,36,57,0.0,3.16000008583069,0.850000023841858,2.74000000953674,2016-05-03,10288,,,
7086361926,2016-05-04,10988,8.3100004196167,8.3100004196167,0.0,5.28000020980835,0.119999997317791,2.90000009536743,0.0,45,12,135,843,2655,2016-05-04,2655,2016-05-04,843,135,12,45,0.0,2.90000009536743,0.119999997317791,5.28000020980835,2016-05-04,10988,,,
7086361926,2016-05-05,8564,5.59999990463257,5.59999990463257,0.0,1.77999997138977,0.829999983310699,2.95000004768372,0.0,24,14,149,1253,2386,2016-05-05,2386,2016-05-05,1253,149,14,24,0.0,2.95000004768372,0.829999983310699,1.77999997138977,2016-05-05,8564,,,
7086361926,2016-05-06,12461,8.38000011444092,8.38000011444092,0.0,3.8199999332428,1.42999994754791,3.11999988555908,0.0,84,35,154,834,2924,2016-05-06,2924,2016-05-06,834,154,35,84,0.0,3.11999988555908,1.42999994754791,3.8199999332428,2016-05-06,12461,,,
7086361926,2016-05-07,12827,8.47999954223633,8.47999954223633,0.0,1.46000003814697,2.32999992370605,4.67999982833862,0.0,20,42,209,621,2739,2016-05-07,2739,2016-05-07,621,209,42,20,0.0,4.67999982833862,2.32999992370605,1.46000003814697,2016-05-07,12827,,,
7086361926,2016-05-08,10677,7.09999990463257,7.09999990463257,0.0,2.30999994277954,1.52999997138977,3.25,0.0,32,27,147,695,2534,2016-05-08,2534,2016-05-08,695,147,27,32,0.0,3.25,1.52999997138977,2.30999994277954,2016-05-08,10677,,,
7086361926,2016-05-09,13566,9.10999965667725,9.10999965667725,0.0,4.26000022888184,1.71000003814697,3.11999988555908,0.0,67,50,171,743,2960,2016-05-09,2960,2016-05-09,743,171,50,67,0.0,3.11999988555908,1.71000003814697,4.26000022888184,2016-05-09,13566,,,
7086361926,2016-05-10,14433,10.789999961853,10.789999961853,0.0,7.1100001335144,1.20000004768372,2.45000004768372,0.0,72,23,106,1182,2800,2016-05-10,2800,2016-05-10,1182,106,23,72,0.0,2.45000004768372,1.20000004768372,7.1100001335144,2016-05-10,14433,,,
7086361926,2016-05-11,9572,6.51999998092651,6.51999998092651,0.0,2.89000010490417,1.38999998569489,2.23000001907349,0.0,57,40,128,757,2735,2016-05-11,2735,2016-05-11,757,128,40,57,0.0,2.23000001907349,1.38999998569489,2.89000010490417,2016-05-11,9572,,,
7086361926,2016-05-12,3789,2.55999994277954,2.55999994277954,0.0,0.379999995231628,0.270000010728836,1.88999998569489,0.0,5,4,58,343,1199,2016-05-12,1199,2016-05-12,343,58,4,5,0.0,1.88999998569489,0.270000010728836,0.379999995231628,2016-05-12,3789,,,
8053475328,2016-04-12,18060,14.1199998855591,14.1199998855591,0.0,11.6400003433228,0.389999985694885,2.09999990463257,0.0,116,8,123,1193,3186,2016-04-12,3186,2016-04-12,1193,123,8,116,0.0,2.09999990463257,0.389999985694885,11.6400003433228,2016-04-12,18060,,,
8053475328,2016-04-13,16433,13.3500003814697,13.3500003814697,0.0,10.4300003051758,0.469999998807907,2.45000004768372,0.0,95,12,156,1177,3140,2016-04-13,3140,2016-04-13,1177,156,12,95,0.0,2.45000004768372,0.469999998807907,10.4300003051758,2016-04-13,16433,,,
8053475328,2016-04-14,20159,15.9700002670288,15.9700002670288,0.0,12.3400001525879,0.209999993443489,3.35999989509583,0.0,119,5,193,1123,3411,2016-04-14,3411,2016-04-14,1123,193,5,119,0.0,3.35999989509583,0.209999993443489,12.3400001525879,2016-04-14,20159,,,
8053475328,2016-04-15,20669,16.2399997711182,16.2399997711182,0.0,13.2600002288818,0.389999985694885,2.58999991416931,0.0,132,8,158,1142,3410,2016-04-15,3410,2016-04-15,1142,158,8,132,0.0,2.58999991416931,0.389999985694885,13.2600002288818,2016-04-15,20669,,,
8053475328,2016-04-16,14549,11.1099996566772,11.1099996566772,0.0,9.35999965667725,0.270000010728836,1.49000000953674,0.0,96,6,83,1255,2867,2016-04-16,2867,2016-04-16,1255,83,6,96,0.0,1.49000000953674,0.270000010728836,9.35999965667725,2016-04-16,14549,,,
8053475328,2016-04-17,18827,13.6899995803833,13.6899995803833,0.0,9.23999977111816,0.800000011920929,3.64000010490417,0.0,111,21,195,1113,3213,2016-04-17,3213,2016-04-17,1113,195,21,111,0.0,3.64000010490417,0.800000011920929,9.23999977111816,2016-04-17,18827,,,
8053475328,2016-04-18,17076,12.6599998474121,12.6599998474121,0.0,9.07999992370605,0.230000004172325,3.34999990463257,0.0,102,6,195,1137,3133,2016-04-18,3133,2016-04-18,1137,195,6,102,0.0,3.34999990463257,0.230000004172325,9.07999992370605,2016-04-18,17076,,,
8053475328,2016-04-19,15929,12.4799995422363,12.4799995422363,0.0,9.22000026702881,0.310000002384186,2.95000004768372,0.0,90,7,191,1152,3114,2016-04-19,3114,2016-04-19,1152,191,7,90,0.0,2.95000004768372,0.310000002384186,9.22000026702881,2016-04-19,15929,,,
8053475328,2016-04-20,15108,12.1899995803833,12.1899995803833,0.0,9.57999992370605,0.230000004172325,2.38000011444092,0.0,89,5,158,695,3043,2016-04-20,3043,2016-04-20,695,158,5,89,0.0,2.38000011444092,0.230000004172325,9.57999992370605,2016-04-20,15108,,,
8053475328,2016-04-21,16057,12.5100002288818,12.5100002288818,0.0,9.67000007629395,0.25,2.57999992370605,0.0,100,6,170,1164,3103,2016-04-21,3103,2016-04-21,1164,170,6,100,0.0,2.57999992370605,0.25,9.67000007629395,2016-04-21,16057,,,
8053475328,2016-04-22,10520,8.28999996185303,8.28999996185303,0.0,6.26000022888184,0.150000005960464,1.87999999523163,0.0,60,3,117,1260,2655,2016-04-22,2655,2016-04-22,1260,117,3,60,0.0,1.87999999523163,0.150000005960464,6.26000022888184,2016-04-22,10520,,,
8053475328,2016-04-23,22359,17.1900005340576,17.1900005340576,0.0,12.539999961853,0.629999995231628,4.01999998092651,0.0,125,14,223,741,3554,2016-04-23,3554,2016-04-23,741,223,14,125,0.0,4.01999998092651,0.629999995231628,12.539999961853,2016-04-23,22359,,,
8053475328,2016-04-24,22988,17.9500007629395,17.9500007629395,0.0,13.1300001144409,1.54999995231628,3.25999999046326,0.0,129,33,182,1096,3577,2016-04-24,3577,2016-04-24,1096,182,33,129,0.0,3.25999999046326,1.54999995231628,13.1300001144409,2016-04-24,22988,,,
8053475328,2016-04-25,20500,15.6899995803833,15.6899995803833,0.0,11.3699998855591,0.46000000834465,3.85999989509583,0.0,118,9,209,1104,3403,2016-04-25,3403,2016-04-25,1104,209,9,118,0.0,3.85999989509583,0.46000000834465,11.3699998855591,2016-04-25,20500,,,
8053475328,2016-04-26,12685,9.61999988555908,9.61999988555908,0.0,6.30999994277954,0.200000002980232,3.09999990463257,0.0,68,5,185,1182,2846,2016-04-26,2846,2016-04-26,1182,185,5,68,0.0,3.09999990463257,0.200000002980232,6.30999994277954,2016-04-26,12685,,,
8053475328,2016-04-27,12422,9.81999969482422,9.81999969482422,0.0,6.46000003814697,0.430000007152557,2.9300000667572,0.0,60,10,183,1187,2852,2016-04-27,2852,2016-04-27,1187,183,10,60,0.0,2.9300000667572,0.430000007152557,6.46000003814697,2016-04-27,12422,,,
8053475328,2016-04-28,15447,12.3999996185303,12.3999996185303,0.0,9.67000007629395,0.389999985694885,2.34999990463257,0.0,90,9,153,1188,3062,2016-04-28,3062,2016-04-28,1188,153,9,90,0.0,2.34999990463257,0.389999985694885,9.67000007629395,2016-04-28,15447,,,
8053475328,2016-04-29,12315,9.64999961853027,9.64999961853027,0.0,6.17000007629395,0.310000002384186,3.17000007629395,0.0,58,8,159,1215,2794,2016-04-29,2794,2016-04-29,1215,159,8,58,0.0,3.17000007629395,0.310000002384186,6.17000007629395,2016-04-29,12315,,,
8053475328,2016-04-30,7135,5.59000015258789,5.59000015258789,0.0,2.99000000953674,0.0599999986588955,2.53999996185303,0.0,27,1,131,1281,2408,2016-04-30,2408,2016-04-30,1281,131,1,27,0.0,2.53999996185303,0.0599999986588955,2.99000000953674,2016-04-30,7135,,,
8053475328,2016-05-01,1170,0.850000023841858,0.850000023841858,0.0,0.0,0.0,0.850000023841858,0.0,0,0,51,1389,1886,2016-05-01,1886,2016-05-01,1389,51,0,0,0.0,0.850000023841858,0.0,0.0,2016-05-01,1170,,,
8053475328,2016-05-02,1969,1.42999994754791,1.42999994754791,0.0,0.0,0.0,1.42999994754791,0.0,0,0,95,1345,1988,2016-05-02,1988,2016-05-02,1345,95,0,0,0.0,1.42999994754791,0.0,0.0,2016-05-02,1969,,,
8053475328,2016-05-03,15484,11.8999996185303,11.8999996185303,0.0,8.39000034332275,0.930000007152557,2.58999991416931,0.0,87,22,165,1166,3023,2016-05-03,3023,2016-05-03,1166,165,22,87,0.0,2.58999991416931,0.930000007152557,8.39000034332275,2016-05-03,15484,,,
8053475328,2016-05-04,14581,11.1499996185303,11.1499996185303,0.0,8.81999969482422,0.400000005960464,1.9099999666214,0.0,89,8,123,1220,2918,2016-05-04,2918,2016-05-04,1220,123,8,89,0.0,1.9099999666214,0.400000005960464,8.81999969482422,2016-05-04,14581,,,
8053475328,2016-05-05,14990,11.5100002288818,11.5100002288818,0.0,8.85000038146973,0.449999988079071,2.21000003814697,0.0,93,9,130,1208,2950,2016-05-05,2950,2016-05-05,1208,130,9,93,0.0,2.21000003814697,0.449999988079071,8.85000038146973,2016-05-05,14990,,,
8053475328,2016-05-06,13953,11.0,11.0,0.0,9.10000038146973,0.689999997615814,1.21000003814697,0.0,90,15,90,1245,2859,2016-05-06,2859,2016-05-06,1245,90,15,90,0.0,1.21000003814697,0.689999997615814,9.10000038146973,2016-05-06,13953,,,
8053475328,2016-05-07,19769,15.6700000762939,15.6700000762939,0.0,12.4399995803833,0.879999995231628,2.34999990463257,0.0,121,20,148,1076,3331,2016-05-07,3331,2016-05-07,1076,148,20,121,0.0,2.34999990463257,0.879999995231628,12.4399995803833,2016-05-07,19769,,,
8053475328,2016-05-08,22026,17.6499996185303,17.6499996185303,0.0,13.3999996185303,0.589999973773956,3.66000008583069,0.0,125,14,228,1073,3589,2016-05-08,3589,2016-05-08,1073,228,14,125,0.0,3.66000008583069,0.589999973773956,13.3999996185303,2016-05-08,22026,,,
8053475328,2016-05-09,12465,9.38000011444092,9.38000011444092,0.0,6.11999988555908,0.569999992847443,2.69000005722046,0.0,66,12,148,1214,2765,2016-05-09,2765,2016-05-09,1214,148,12,66,0.0,2.69000005722046,0.569999992847443,6.11999988555908,2016-05-09,12465,,,
8053475328,2016-05-10,14810,11.3599996566772,11.3599996566772,0.0,9.09000015258789,0.419999986886978,1.85000002384186,0.0,96,10,115,1219,2926,2016-05-10,2926,2016-05-10,1219,115,10,96,0.0,1.85000002384186,0.419999986886978,9.09000015258789,2016-05-10,14810,,,
8053475328,2016-05-11,12209,9.39999961853027,9.39999961853027,0.0,6.07999992370605,0.280000001192093,3.03999996185303,0.0,60,7,184,1189,2809,2016-05-11,2809,2016-05-11,1189,184,7,60,0.0,3.03999996185303,0.280000001192093,6.07999992370605,2016-05-11,12209,,,
8053475328,2016-05-12,4998,3.91000008583069,3.91000008583069,0.0,2.95000004768372,0.200000002980232,0.759999990463257,0.0,28,4,39,839,1505,2016-05-12,1505,2016-05-12,839,39,4,28,0.0,0.759999990463257,0.200000002980232,2.95000004768372,2016-05-12,4998,,,
8253242879,2016-04-12,9033,7.15999984741211,7.15999984741211,0.0,5.42999982833862,0.140000000596046,1.5900000333786,0.0,40,2,154,1244,2044,2016-04-12,2044,2016-04-12,1244,154,2,40,0.0,1.5900000333786,0.140000000596046,5.42999982833862,2016-04-12,9033,,,
8253242879,2016-04-13,8053,6.09999990463257,6.09999990463257,0.0,4.17000007629395,0.629999995231628,1.30999994277954,0.0,35,11,96,1298,1935,2016-04-13,1935,2016-04-13,1298,96,11,35,0.0,1.30999994277954,0.629999995231628,4.17000007629395,2016-04-13,8053,,,
8253242879,2016-04-14,5234,3.46000003814697,3.46000003814697,0.0,1.92999994754791,0.990000009536743,0.540000021457672,0.0,29,16,33,1362,1705,2016-04-14,1705,2016-04-14,1362,33,16,29,0.0,0.540000021457672,0.990000009536743,1.92999994754791,2016-04-14,5234,,,
8253242879,2016-04-15,2672,1.76999998092651,1.76999998092651,0.0,0.0,0.0,1.75999999046326,0.0,0,0,105,1335,1632,2016-04-15,1632,2016-04-15,1335,105,0,0,0.0,1.75999999046326,0.0,0.0,2016-04-15,2672,,,
8253242879,2016-04-16,9256,6.1399998664856,6.1399998664856,0.0,0.430000007152557,3.26999998092651,2.45000004768372,0.0,6,51,115,1268,1880,2016-04-16,1880,2016-04-16,1268,115,51,6,0.0,2.45000004768372,3.26999998092651,0.430000007152557,2016-04-16,9256,,,
8253242879,2016-04-17,10204,7.90999984741211,7.90999984741211,0.0,5.42999982833862,0.150000005960464,2.32999992370605,0.0,41,5,157,1237,2112,2016-04-17,2112,2016-04-17,1237,157,5,41,0.0,2.32999992370605,0.150000005960464,5.42999982833862,2016-04-17,10204,,,
8253242879,2016-04-18,5151,3.48000001907349,3.48000001907349,0.0,1.03999996185303,0.629999995231628,1.79999995231628,0.0,16,16,130,1278,1829,2016-04-18,1829,2016-04-18,1278,130,16,16,0.0,1.79999995231628,0.629999995231628,1.03999996185303,2016-04-18,5151,,,
8253242879,2016-04-19,4212,2.77999997138977,2.77999997138977,0.0,0.0,0.0,2.77999997138977,0.0,0,0,164,1276,1763,2016-04-19,1763,2016-04-19,1276,164,0,0,0.0,2.77999997138977,0.0,0.0,2016-04-19,4212,,,
8253242879,2016-04-20,6466,4.26999998092651,4.26999998092651,0.0,0.330000013113022,0.819999992847443,3.10999989509583,0.0099999997764825,5,18,216,1201,1931,2016-04-20,1931,2016-04-20,1201,216,18,5,0.0099999997764825,3.10999989509583,0.819999992847443,0.330000013113022,2016-04-20,6466,,,
8253242879,2016-04-21,11268,8.5600004196167,8.5600004196167,0.0,5.88000011444092,0.930000007152557,1.75,0.0,49,20,172,1199,2218,2016-04-21,2218,2016-04-21,1199,172,20,49,0.0,1.75,0.930000007152557,5.88000011444092,2016-04-21,11268,,,
8253242879,2016-04-22,2824,1.87000000476837,1.87000000476837,0.0,0.0,0.0,1.87000000476837,0.0,0,0,120,1320,1651,2016-04-22,1651,2016-04-22,1320,120,0,0,0.0,1.87000000476837,0.0,0.0,2016-04-22,2824,,,
8253242879,2016-04-23,9282,6.26000022888184,6.26000022888184,0.0,2.08999991416931,1.03999996185303,3.13000011444092,0.0,30,26,191,1193,2132,2016-04-23,2132,2016-04-23,1193,191,26,30,0.0,3.13000011444092,1.03999996185303,2.08999991416931,2016-04-23,9282,,,
8253242879,2016-04-24,8905,7.13000011444092,7.13000011444092,0.0,5.59999990463257,0.189999997615814,1.3400000333786,0.0,41,4,82,1313,1976,2016-04-24,1976,2016-04-24,1313,82,4,41,0.0,1.3400000333786,0.189999997615814,5.59999990463257,2016-04-24,8905,,,
8253242879,2016-04-25,6829,4.51000022888184,4.51000022888184,0.0,0.360000014305115,2.39000010490417,1.76999998092651,0.0,7,54,118,1261,1909,2016-04-25,1909,2016-04-25,1261,118,54,7,0.0,1.76999998092651,2.39000010490417,0.360000014305115,2016-04-25,6829,,,
8253242879,2016-04-26,4562,3.03999996185303,3.03999996185303,0.0,1.17999994754791,0.490000009536743,1.37000000476837,0.0,19,14,108,1299,1813,2016-04-26,1813,2016-04-26,1299,108,14,19,0.0,1.37000000476837,0.490000009536743,1.17999994754791,2016-04-26,4562,,,
8253242879,2016-04-27,10232,8.18000030517578,8.18000030517578,0.0,6.23999977111816,0.230000004172325,1.70000004768372,0.0,45,5,104,1286,2008,2016-04-27,2008,2016-04-27,1286,104,5,45,0.0,1.70000004768372,0.230000004172325,6.23999977111816,2016-04-27,10232,,,
8253242879,2016-04-28,2718,1.79999995231628,1.79999995231628,0.0,0.670000016689301,0.779999971389771,0.340000003576279,0.0,11,16,20,1393,1580,2016-04-28,1580,2016-04-28,1393,20,16,11,0.0,0.340000003576279,0.779999971389771,0.670000016689301,2016-04-28,2718,,,
8253242879,2016-04-29,6260,4.26000022888184,4.26000022888184,0.0,1.28999996185303,0.540000021457672,2.40000009536743,0.0,16,14,136,1257,1854,2016-04-29,1854,2016-04-29,1257,136,14,16,0.0,2.40000009536743,0.540000021457672,1.28999996185303,2016-04-29,6260,,,
8253242879,2016-04-30,0,0.0,0.0,0.0,0.0,0.0,0.0,0.0,0,0,0,1440,0,2016-04-30,0,2016-04-30,1440,0,0,0,0.0,0.0,0.0,0.0,2016-04-30,0,,,
8378563200,2016-04-12,7626,6.05000019073486,6.05000019073486,2.25308108329773,0.829999983310699,0.709999978542328,4.5,0.0,65,15,156,723,3635,2016-04-12,3635,2016-04-12,723,156,15,65,0.0,4.5,0.709999978542328,0.829999983310699,2016-04-12,7626,,,
8378563200,2016-04-13,12386,9.81999969482422,9.81999969482422,2.0921471118927,4.96000003814697,0.649999976158142,4.21000003814697,0.0,116,14,169,680,4079,2016-04-13,4079,2016-04-13,680,169,14,116,0.0,4.21000003814697,0.649999976158142,4.96000003814697,2016-04-13,12386,,,
8378563200,2016-04-14,13318,10.5600004196167,10.5600004196167,2.25308108329773,5.61999988555908,1.02999997138977,3.91000008583069,0.0,123,21,174,699,4163,2016-04-14,4163,2016-04-14,699,174,21,123,0.0,3.91000008583069,1.02999997138977,5.61999988555908,2016-04-14,13318,,,
8378563200,2016-04-15,14461,11.4700002670288,11.4700002670288,0.0,4.90999984741211,1.14999997615814,5.40999984741211,0.0,60,23,190,729,3666,2016-04-15,3666,2016-04-15,729,190,23,60,0.0,5.40999984741211,1.14999997615814,4.90999984741211,2016-04-15,14461,,,
8378563200,2016-04-16,11207,8.89000034332275,8.89000034332275,0.0,5.36999988555908,1.07000005245209,2.44000005722046,0.0,64,21,142,563,3363,2016-04-16,3363,2016-04-16,563,142,21,64,0.0,2.44000005722046,1.07000005245209,5.36999988555908,2016-04-16,11207,,,
8378563200,2016-04-17,2132,1.69000005722046,1.69000005722046,0.0,0.0,0.0,1.69000005722046,0.0,0,0,93,599,2572,2016-04-17,2572,2016-04-17,599,93,0,0,0.0,1.69000005722046,0.0,0.0,2016-04-17,2132,,,
8378563200,2016-04-18,13630,10.8100004196167,10.8100004196167,2.0921471118927,5.05000019073486,0.560000002384186,5.19999980926514,0.0,117,10,174,720,4157,2016-04-18,4157,2016-04-18,720,174,10,117,0.0,5.19999980926514,0.560000002384186,5.05000019073486,2016-04-18,13630,,,
8378563200,2016-04-19,13070,10.3599996566772,10.3599996566772,2.25308108329773,5.30000019073486,0.879999995231628,4.17999982833862,0.0,120,19,154,737,4092,2016-04-19,4092,2016-04-19,737,154,19,120,0.0,4.17999982833862,0.879999995231628,5.30000019073486,2016-04-19,13070,,,
8378563200,2016-04-20,9388,7.44000005722046,7.44000005722046,2.0921471118927,2.23000001907349,0.439999997615814,4.78000020980835,0.0,82,8,169,763,3787,2016-04-20,3787,2016-04-20,763,169,8,82,0.0,4.78000020980835,0.439999997615814,2.23000001907349,2016-04-20,9388,,,
8378563200,2016-04-21,15148,12.0100002288818,12.0100002288818,2.25308108329773,6.90000009536743,0.819999992847443,4.28999996185303,0.0,137,16,145,677,4236,2016-04-21,4236,2016-04-21,677,145,16,137,0.0,4.28999996185303,0.819999992847443,6.90000009536743,2016-04-21,15148,,,
8378563200,2016-04-22,12200,9.67000007629395,9.67000007629395,2.0921471118927,4.90999984741211,0.589999973773956,4.17999982833862,0.0,113,12,159,769,4044,2016-04-22,4044,2016-04-22,769,159,12,113,0.0,4.17999982833862,0.589999973773956,4.90999984741211,2016-04-22,12200,,,
8378563200,2016-04-23,5709,4.53000020980835,4.53000020980835,0.0,1.51999998092651,0.519999980926514,2.48000001907349,0.0,19,10,136,740,2908,2016-04-23,2908,2016-04-23,740,136,10,19,0.0,2.48000001907349,0.519999980926514,1.51999998092651,2016-04-23,5709,,,
8378563200,2016-04-24,3703,2.94000005722046,2.94000005722046,0.0,0.0,0.0,2.94000005722046,0.0,0,0,135,734,2741,2016-04-24,2741,2016-04-24,734,135,0,0,0.0,2.94000005722046,0.0,0.0,2016-04-24,3703,,,
8378563200,2016-04-25,12405,9.84000015258789,9.84000015258789,2.0921471118927,5.05000019073486,0.870000004768372,3.92000007629395,0.0,117,16,141,692,4005,2016-04-25,4005,2016-04-25,692,141,16,117,0.0,3.92000007629395,0.870000004768372,5.05000019073486,2016-04-25,12405,,,
8378563200,2016-04-26,16208,12.8500003814697,12.8500003814697,0.0,7.51000022888184,0.920000016689301,4.42000007629395,0.0,90,18,161,593,3763,2016-04-26,3763,2016-04-26,593,161,18,90,0.0,4.42000007629395,0.920000016689301,7.51000022888184,2016-04-26,16208,,,
8378563200,2016-04-27,7359,5.84000015258789,5.84000015258789,0.0,0.330000013113022,0.180000007152557,5.32999992370605,0.0,4,4,192,676,3061,2016-04-27,3061,2016-04-27,676,192,4,4,0.0,5.32999992370605,0.180000007152557,0.330000013113022,2016-04-27,7359,,,
8378563200,2016-04-28,5417,4.30000019073486,4.30000019073486,0.0,0.899999976158142,0.490000009536743,2.91000008583069,0.0,11,10,139,711,2884,2016-04-28,2884,2016-04-28,711,139,10,11,0.0,2.91000008583069,0.490000009536743,0.899999976158142,2016-04-28,5417,,,
8378563200,2016-04-29,6175,4.90000009536743,4.90000009536743,0.0,0.25,0.360000014305115,4.26999998092651,0.0,3,7,172,767,2982,2016-04-29,2982,2016-04-29,767,172,7,3,0.0,4.26999998092651,0.360000014305115,0.25,2016-04-29,6175,,,
8378563200,2016-04-30,2946,2.33999991416931,2.33999991416931,0.0,0.0,0.0,2.33999991416931,0.0,0,0,121,780,2660,2016-04-30,2660,2016-04-30,780,121,0,0,0.0,2.33999991416931,0.0,0.0,2016-04-30,2946,,,
8378563200,2016-05-01,11419,9.0600004196167,9.0600004196167,0.0,6.03000020980835,0.560000002384186,2.47000002861023,0.0,71,10,127,669,3369,2016-05-01,3369,2016-05-01,669,127,10,71,0.0,2.47000002861023,0.560000002384186,6.03000020980835,2016-05-01,11419,,,
8378563200,2016-05-02,6064,4.80999994277954,4.80999994277954,2.0921471118927,0.629999995231628,0.170000001788139,4.01000022888184,0.0,63,4,142,802,3491,2016-05-02,3491,2016-05-02,802,142,4,63,0.0,4.01000022888184,0.170000001788139,0.629999995231628,2016-05-02,6064,,,
8378563200,2016-05-03,8712,6.90999984741211,6.90999984741211,2.25308108329773,1.3400000333786,1.05999994277954,4.5,0.0,71,20,195,822,3784,2016-05-03,3784,2016-05-03,822,195,20,71,0.0,4.5,1.05999994277954,1.3400000333786,2016-05-03,8712,,,
8378563200,2016-05-04,7875,6.23999977111816,6.23999977111816,0.0,1.55999994277954,0.490000009536743,4.19999980926514,0.0,19,10,167,680,3110,2016-05-04,3110,2016-05-04,680,167,10,19,0.0,4.19999980926514,0.490000009536743,1.55999994277954,2016-05-04,7875,,,
8378563200,2016-05-05,8567,6.78999996185303,6.78999996185303,2.25308108329773,0.889999985694885,0.159999996423721,5.73999977111816,0.0,66,3,214,764,3783,2016-05-05,3783,2016-05-05,764,214,3,66,0.0,5.73999977111816,0.159999996423721,0.889999985694885,2016-05-05,8567,,,
8378563200,2016-05-06,7045,5.59000015258789,5.59000015258789,2.0921471118927,1.54999995231628,0.25,3.77999997138977,0.0,74,5,166,831,3644,2016-05-06,3644,2016-05-06,831,166,5,74,0.0,3.77999997138977,0.25,1.54999995231628,2016-05-06,7045,,,
8378563200,2016-05-07,4468,3.53999996185303,3.53999996185303,0.0,0.0,0.0,3.53999996185303,0.0,0,0,158,851,2799,2016-05-07,2799,2016-05-07,851,158,0,0,0.0,3.53999996185303,0.0,0.0,2016-05-07,4468,,,
8378563200,2016-05-08,2943,2.32999992370605,2.32999992370605,0.0,0.0,0.0,2.32999992370605,0.0,0,0,139,621,2685,2016-05-08,2685,2016-05-08,621,139,0,0,0.0,2.32999992370605,0.0,0.0,2016-05-08,2943,,,
8378563200,2016-05-09,8382,6.65000009536743,6.65000009536743,2.0921471118927,1.26999998092651,0.660000026226044,4.71999979019165,0.0,71,13,171,772,3721,2016-05-09,3721,2016-05-09,772,171,13,71,0.0,4.71999979019165,0.660000026226044,1.26999998092651,2016-05-09,8382,,,
8378563200,2016-05-10,6582,5.21999979019165,5.21999979019165,2.25308108329773,0.660000026226044,0.639999985694885,3.92000007629395,0.0,63,13,152,840,3586,2016-05-10,3586,2016-05-10,840,152,13,63,0.0,3.92000007629395,0.639999985694885,0.660000026226044,2016-05-10,6582,,,
8378563200,2016-05-11,9143,7.25,7.25,2.0921471118927,1.38999998569489,0.589999973773956,5.26999998092651,0.0,72,10,184,763,3788,2016-05-11,3788,2016-05-11,763,184,10,72,0.0,5.26999998092651,0.589999973773956,1.38999998569489,2016-05-11,9143,,,
8378563200,2016-05-12,4561,3.61999988555908,3.61999988555908,0.0,0.649999976158142,0.270000010728836,2.69000005722046,0.0,8,6,102,433,1976,2016-05-12,1976,2016-05-12,433,102,6,8,0.0,2.69000005722046,0.270000010728836,0.649999976158142,2016-05-12,4561,,,
8583815059,2016-04-12,5014,3.91000008583069,3.91000008583069,0.0,0.0,0.330000013113022,3.57999992370605,0.0,0,7,196,1237,2650,2016-04-12,2650,2016-04-12,1237,196,7,0,0.0,3.57999992370605,0.330000013113022,0.0,2016-04-12,5014,,,
8583815059,2016-04-13,5571,4.34999990463257,4.34999990463257,0.0,0.150000005960464,0.970000028610229,3.23000001907349,0.0,2,23,163,1252,2654,2016-04-13,2654,2016-04-13,1252,163,23,2,0.0,3.23000001907349,0.970000028610229,0.150000005960464,2016-04-13,5571,,,
8583815059,2016-04-14,3135,2.45000004768372,2.45000004768372,0.0,0.0,0.0,2.4300000667572,0.0,0,0,134,1306,2443,2016-04-14,2443,2016-04-14,1306,134,0,0,0.0,2.4300000667572,0.0,0.0,2016-04-14,3135,,,
8583815059,2016-04-15,3430,2.6800000667572,2.6800000667572,0.0,0.0,0.0,0.899999976158142,0.0,0,0,65,1375,2505,2016-04-15,2505,2016-04-15,1375,65,0,0,0.0,0.899999976158142,0.0,0.0,2016-04-15,3430,,,
8583815059,2016-04-16,5319,4.15000009536743,4.15000009536743,0.0,0.0,0.0,0.0,0.0,0,0,0,1440,2693,2016-04-16,2693,2016-04-16,1440,0,0,0,0.0,0.0,0.0,0.0,2016-04-16,5319,,,
8583815059,2016-04-17,3008,2.34999990463257,2.34999990463257,0.0,0.0,0.0,0.0,0.0,0,0,0,1440,2439,2016-04-17,2439,2016-04-17,1440,0,0,0,0.0,0.0,0.0,0.0,2016-04-17,3008,,,
8583815059,2016-04-18,3864,3.00999999046326,3.00999999046326,0.0,0.310000002384186,1.05999994277954,1.35000002384186,0.0,4,22,105,1309,2536,2016-04-18,2536,2016-04-18,1309,105,22,4,0.0,1.35000002384186,1.05999994277954,0.310000002384186,2016-04-18,3864,,,
8583815059,2016-04-19,5697,4.44000005722046,4.44000005722046,0.0,0.529999971389771,0.479999989271164,3.44000005722046,0.0,7,10,166,1257,2668,2016-04-19,2668,2016-04-19,1257,166,10,7,0.0,3.44000005722046,0.479999989271164,0.529999971389771,2016-04-19,5697,,,
8583815059,2016-04-20,5273,4.1100001335144,4.1100001335144,0.0,0.0,1.03999996185303,3.0699999332428,0.0,0,27,167,1246,2647,2016-04-20,2647,2016-04-20,1246,167,27,0,0.0,3.0699999332428,1.03999996185303,0.0,2016-04-20,5273,,,
8583815059,2016-04-21,8538,6.65999984741211,6.65999984741211,0.0,2.63000011444092,1.01999998092651,3.00999999046326,0.0,35,18,158,1229,2883,2016-04-21,2883,2016-04-21,1229,158,18,35,0.0,3.00999999046326,1.01999998092651,2.63000011444092,2016-04-21,8538,,,
8583815059,2016-04-22,8687,6.78000020980835,6.78000020980835,0.0,0.28999999165535,2.41000008583069,4.07999992370605,0.0,4,54,212,1170,2944,2016-04-22,2944,2016-04-22,1170,212,54,4,0.0,4.07999992370605,2.41000008583069,0.28999999165535,2016-04-22,8687,,,
8583815059,2016-04-23,9423,7.34999990463257,7.34999990463257,0.0,0.529999971389771,2.02999997138977,4.75,0.0,7,44,238,1151,3012,2016-04-23,3012,2016-04-23,1151,238,44,7,0.0,4.75,2.02999997138977,0.529999971389771,2016-04-23,9423,,,
8583815059,2016-04-24,8286,6.46000003814697,6.46000003814697,0.0,0.150000005960464,2.04999995231628,4.26999998092651,0.0,2,44,206,1188,2889,2016-04-24,2889,2016-04-24,1188,206,44,2,0.0,4.26999998092651,2.04999995231628,0.150000005960464,2016-04-24,8286,,,
8583815059,2016-04-25,4503,3.50999999046326,3.50999999046326,0.0,1.47000002861023,0.239999994635582,1.80999994277954,0.0,18,6,122,1294,2547,2016-04-25,2547,2016-04-25,1294,122,6,18,0.0,1.80999994277954,0.239999994635582,1.47000002861023,2016-04-25,4503,,,
8583815059,2016-04-26,10499,8.1899995803833,8.1899995803833,0.0,0.0700000002980232,4.21999979019165,3.89000010490417,0.0,1,91,214,1134,3093,2016-04-26,3093,2016-04-26,1134,214,91,1,0.0,3.89000010490417,4.21999979019165,0.0700000002980232,2016-04-26,10499,,,
8583815059,2016-04-27,12474,9.72999954223633,9.72999954223633,0.0,6.59999990463257,0.270000010728836,2.86999988555908,0.0,77,5,129,1229,3142,2016-04-27,3142,2016-04-27,1229,129,5,77,0.0,2.86999988555908,0.270000010728836,6.59999990463257,2016-04-27,12474,,,
8583815059,2016-04-28,6174,4.82000017166138,4.82000017166138,0.0,0.0,1.20000004768372,3.60999989509583,0.0,0,28,203,1209,2757,2016-04-28,2757,2016-04-28,1209,203,28,0,0.0,3.60999989509583,1.20000004768372,0.0,2016-04-28,6174,,,
8583815059,2016-04-29,15168,11.8299999237061,11.8299999237061,0.0,3.90000009536743,3.0,4.92000007629395,0.0,46,67,258,1069,3513,2016-04-29,3513,2016-04-29,1069,258,67,46,0.0,4.92000007629395,3.0,3.90000009536743,2016-04-29,15168,,,
8583815059,2016-04-30,10085,7.86999988555908,7.86999988555908,0.0,0.150000005960464,1.27999997138977,6.42999982833862,0.0,2,28,317,1093,3164,2016-04-30,3164,2016-04-30,1093,317,28,2,0.0,6.42999982833862,1.27999997138977,0.150000005960464,2016-04-30,10085,,,
8583815059,2016-05-01,4512,3.51999998092651,3.51999998092651,0.0,0.779999971389771,0.119999997317791,2.03999996185303,0.0,10,2,117,1311,2596,2016-05-01,2596,2016-05-01,1311,117,2,10,0.0,2.03999996185303,0.119999997317791,0.779999971389771,2016-05-01,4512,,,
8583815059,2016-05-02,8469,6.6100001335144,6.6100001335144,0.0,0.0,0.0,0.0,0.0,0,0,0,1440,2894,2016-05-02,2894,2016-05-02,1440,0,0,0,0.0,0.0,0.0,0.0,2016-05-02,8469,,,
8583815059,2016-05-03,12015,9.36999988555908,9.36999988555908,0.0,0.0,0.0,0.0,0.0,0,0,0,1440,3212,2016-05-03,3212,2016-05-03,1440,0,0,0,0.0,0.0,0.0,0.0,2016-05-03,12015,,,
8583815059,2016-05-04,3588,2.79999995231628,2.79999995231628,0.0,0.0,0.0,0.0,0.0,0,0,0,1440,2516,2016-05-04,2516,2016-05-04,1440,0,0,0,0.0,0.0,0.0,0.0,2016-05-04,3588,,,
8583815059,2016-05-05,12427,9.6899995803833,9.6899995803833,0.0,0.0,0.0,1.17999994754791,0.0,0,0,70,1370,3266,2016-05-05,3266,2016-05-05,1370,70,0,0,0.0,1.17999994754791,0.0,0.0,2016-05-05,12427,,,
8583815059,2016-05-06,5843,4.55999994277954,4.55999994277954,0.0,0.140000000596046,1.19000005722046,3.23000001907349,0.0,2,22,166,1250,2683,2016-05-06,2683,2016-05-06,1250,166,22,2,0.0,3.23000001907349,1.19000005722046,0.140000000596046,2016-05-06,5843,,,
8583815059,2016-05-07,6117,4.76999998092651,4.76999998092651,0.0,0.0,0.0,4.76999998092651,0.0,0,0,250,1190,2810,2016-05-07,2810,2016-05-07,1190,250,0,0,0.0,4.76999998092651,0.0,0.0,2016-05-07,6117,,,
8583815059,2016-05-08,9217,7.19000005722046,7.19000005722046,0.0,0.219999998807907,3.30999994277954,3.66000008583069,0.0,3,72,182,1183,2940,2016-05-08,2940,2016-05-08,1183,182,72,3,0.0,3.66000008583069,3.30999994277954,0.219999998807907,2016-05-08,9217,,,
8583815059,2016-05-09,9877,7.69999980926514,7.69999980926514,0.0,5.76000022888184,0.170000001788139,1.73000001907349,0.0,66,4,110,1260,2947,2016-05-09,2947,2016-05-09,1260,110,4,66,0.0,1.73000001907349,0.170000001788139,5.76000022888184,2016-05-09,9877,,,
8583815059,2016-05-10,8240,6.42999982833862,6.42999982833862,0.0,0.689999997615814,2.00999999046326,3.72000002861023,0.0,9,43,162,1226,2846,2016-05-10,2846,2016-05-10,1226,162,43,9,0.0,3.72000002861023,2.00999999046326,0.689999997615814,2016-05-10,8240,,,
8583815059,2016-05-11,8701,6.78999996185303,6.78999996185303,0.0,0.370000004768372,3.24000000953674,3.17000007629395,0.0,5,71,177,1106,2804,2016-05-11,2804,2016-05-11,1106,177,71,5,0.0,3.17000007629395,3.24000000953674,0.370000004768372,2016-05-11,8701,,,
8583815059,2016-05-12,0,0.0,0.0,0.0,0.0,0.0,0.0,0.0,0,0,0,1440,0,2016-05-12,0,2016-05-12,1440,0,0,0,0.0,0.0,0.0,0.0,2016-05-12,0,,,
8792009665,2016-04-12,2564,1.63999998569489,1.63999998569489,0.0,0.0,0.0,1.63999998569489,0.0,0,0,116,831,2044,2016-04-12,2044,2016-04-12,831,116,0,0,0.0,1.63999998569489,0.0,0.0,2016-04-12,2564,68.92157638065112,135.0,48.0
8792009665,2016-04-13,1320,0.839999973773956,0.839999973773956,0.0,0.0,0.0,0.839999973773956,0.0,0,0,82,806,1934,2016-04-13,1934,2016-04-13,806,82,0,0,0.0,0.839999973773956,0.0,0.0,2016-04-13,1320,68.50609149676778,121.0,43.0
8792009665,2016-04-14,1219,0.779999971389771,0.779999971389771,0.0,0.0,0.0,0.779999971389771,0.0,0,0,84,853,1963,2016-04-14,1963,2016-04-14,853,84,0,0,0.0,0.779999971389771,0.0,0.0,2016-04-14,1219,69.08939820399411,124.0,46.0
8792009665,2016-04-15,2483,1.5900000333786,1.5900000333786,0.0,0.0,0.0,1.5900000333786,0.0,0,0,126,937,2009,2016-04-15,2009,2016-04-15,937,126,0,0,0.0,1.5900000333786,0.0,0.0,2016-04-15,2483,66.8635228848821,116.0,49.0
8792009665,2016-04-16,244,0.159999996423721,0.159999996423721,0.0,0.0,0.0,0.159999996423721,0.0,0,0,12,1428,1721,2016-04-16,1721,2016-04-16,1428,12,0,0,0.0,0.159999996423721,0.0,0.0,2016-04-16,244,,,
8792009665,2016-04-17,0,0.0,0.0,0.0,0.0,0.0,0.0,0.0,0,0,0,1440,1688,2016-04-17,1688,2016-04-17,1440,0,0,0,0.0,0.0,0.0,0.0,2016-04-17,0,,,
8792009665,2016-04-18,0,0.0,0.0,0.0,0.0,0.0,0.0,0.0,0,0,0,1440,1688,2016-04-18,1688,2016-04-18,1440,0,0,0,0.0,0.0,0.0,0.0,2016-04-18,0,,,
8792009665,2016-04-19,0,0.0,0.0,0.0,0.0,0.0,0.0,0.0,0,0,0,1440,1688,2016-04-19,1688,2016-04-19,1440,0,0,0,0.0,0.0,0.0,0.0,2016-04-19,0,,,
8792009665,2016-04-20,3147,2.00999999046326,2.00999999046326,0.0,0.0,0.280000001192093,1.74000000953674,0.0,0,10,139,744,2188,2016-04-20,2188,2016-04-20,744,139,10,0,0.0,1.74000000953674,0.280000001192093,0.0,2016-04-20,3147,69.61815840309079,120.0,44.0
8792009665,2016-04-21,144,0.0900000035762787,0.0900000035762787,0.0,0.0,0.0,0.0900000035762787,0.0,0,0,9,1431,1720,2016-04-21,1720,2016-04-21,1431,9,0,0,0.0,0.0900000035762787,0.0,0.0,2016-04-21,144,80.80434782608695,108.0,66.0
8792009665,2016-04-22,4068,2.59999990463257,2.59999990463257,0.0,0.0500000007450581,0.280000001192093,2.26999998092651,0.0,1,20,195,817,2419,2016-04-22,2419,2016-04-22,817,195,20,1,0.0,2.26999998092651,0.280000001192093,0.0500000007450581,2016-04-22,4068,70.26147822992051,131.0,44.0
8792009665,2016-04-23,5245,3.35999989509583,3.35999989509583,0.0,0.159999996423721,0.439999997615814,2.75,0.0,8,45,232,795,2748,2016-04-23,2748,2016-04-23,795,232,45,8,0.0,2.75,0.439999997615814,0.159999996423721,2016-04-23,5245,77.82583837273226,141.0,48.0
8792009665,2016-04-24,400,0.259999990463257,0.259999990463257,0.0,0.0399999991059303,0.0500000007450581,0.159999996423721,0.0,3,8,19,1410,1799,2016-04-24,1799,2016-04-24,1410,19,8,3,0.0,0.159999996423721,0.0500000007450581,0.0399999991059303,2016-04-24,400,76.03863298662705,120.0,55.0
8792009665,2016-04-25,0,0.0,0.0,0.0,0.0,0.0,0.0,0.0,0,0,0,1440,1688,2016-04-25,1688,2016-04-25,1440,0,0,0,0.0,0.0,0.0,0.0,2016-04-25,0,,,
8792009665,2016-04-26,1321,0.850000023841858,0.850000023841858,0.0,0.0,0.0,0.850000023841858,0.0,0,0,80,1360,1928,2016-04-26,1928,2016-04-26,1360,80,0,0,0.0,0.850000023841858,0.0,0.0,2016-04-26,1321,69.84311892296185,114.0,54.0
8792009665,2016-04-27,1758,1.12999999523163,1.12999999523163,0.0,0.0,0.0,1.12999999523163,0.0,0,0,112,900,2067,2016-04-27,2067,2016-04-27,900,112,0,0,0.0,1.12999999523163,0.0,0.0,2016-04-27,1758,68.79205329526529,132.0,43.0
8792009665,2016-04-28,6157,3.94000005722046,3.94000005722046,0.0,0.0,0.0,3.94000005722046,0.0,0,0,310,714,2780,2016-04-28,2780,2016-04-28,714,310,0,0,0.0,3.94000005722046,0.0,0.0,2016-04-28,6157,76.701621506294,134.0,44.0
8792009665,2016-04-29,8360,5.34999990463257,5.34999990463257,0.0,0.140000000596046,0.280000001192093,4.92999982833862,0.0,6,14,380,634,3101,2016-04-29,3101,2016-04-29,634,380,14,6,0.0,4.92999982833862,0.280000001192093,0.140000000596046,2016-04-29,8360,80.91153025710116,158.0,48.0
8792009665,2016-04-30,7174,4.59000015258789,4.59000015258789,0.0,0.330000013113022,0.360000014305115,3.91000008583069,0.0,10,20,301,749,2896,2016-04-30,2896,2016-04-30,749,301,20,10,0.0,3.91000008583069,0.360000014305115,0.330000013113022,2016-04-30,7174,81.46464198625581,132.0,48.0
8792009665,2016-05-01,1619,1.03999996185303,1.03999996185303,0.0,0.0,0.0,1.03999996185303,0.0,0,0,79,834,1962,2016-05-01,1962,2016-05-01,834,79,0,0,0.0,1.03999996185303,0.0,0.0,2016-05-01,1619,67.81017067223964,123.0,43.0
8792009665,2016-05-02,1831,1.16999995708466,1.16999995708466,0.0,0.0,0.0,1.16999995708466,0.0,0,0,101,916,2015,2016-05-02,2015,2016-05-02,916,101,0,0,0.0,1.16999995708466,0.0,0.0,2016-05-02,1831,67.40391870512353,129.0,45.0
8792009665,2016-05-03,2421,1.54999995231628,1.54999995231628,0.0,0.0,0.0,1.54999995231628,0.0,0,0,156,739,2297,2016-05-03,2297,2016-05-03,739,156,0,0,0.0,1.54999995231628,0.0,0.0,2016-05-03,2421,74.37193973634652,119.0,45.0
8792009665,2016-05-04,2283,1.46000003814697,1.46000003814697,0.0,0.0,0.0,1.46000003814697,0.0,0,0,129,848,2067,2016-05-04,2067,2016-05-04,848,129,0,0,0.0,1.46000003814697,0.0,0.0,2016-05-04,2283,74.97814661134163,114.0,51.0
8792009665,2016-05-05,0,0.0,0.0,0.0,0.0,0.0,0.0,0.0,0,0,0,1440,1688,2016-05-05,1688,2016-05-05,1440,0,0,0,0.0,0.0,0.0,0.0,2016-05-05,0,,,
8792009665,2016-05-06,0,0.0,0.0,0.0,0.0,0.0,0.0,0.0,0,0,0,1440,1688,2016-05-06,1688,2016-05-06,1440,0,0,0,0.0,0.0,0.0,0.0,2016-05-06,0,,,
8792009665,2016-05-07,0,0.0,0.0,0.0,0.0,0.0,0.0,0.0,0,0,0,1440,1688,2016-05-07,1688,2016-05-07,1440,0,0,0,0.0,0.0,0.0,0.0,2016-05-07,0,,,
8792009665,2016-05-08,0,0.0,0.0,0.0,0.0,0.0,0.0,0.0,0,0,0,1440,1688,2016-05-08,1688,2016-05-08,1440,0,0,0,0.0,0.0,0.0,0.0,2016-05-08,0,,,
8792009665,2016-05-09,0,0.0,0.0,0.0,0.0,0.0,0.0,0.0,0,0,0,1440,1688,2016-05-09,1688,2016-05-09,1440,0,0,0,0.0,0.0,0.0,0.0,2016-05-09,0,,,
8792009665,2016-05-10,0,0.0,0.0,0.0,0.0,0.0,0.0,0.0,0,0,0,48,57,2016-05-10,57,2016-05-10,48,0,0,0,0.0,0.0,0.0,0.0,2016-05-10,0,,,
8877689391,2016-04-12,23186,20.3999996185303,20.3999996185303,0.0,12.2200002670288,0.340000003576279,7.82000017166138,0.0,85,7,312,1036,3921,2016-04-12,3921,2016-04-12,1036,312,7,85,0.0,7.82000017166138,0.340000003576279,12.2200002670288,2016-04-12,23186,86.54770531400966,164.0,47.0
8877689391,2016-04-13,15337,9.57999992370605,9.57999992370605,0.0,3.54999995231628,0.379999995231628,5.6399998664856,0.0,108,18,216,1098,3566,2016-04-13,3566,2016-04-13,1098,216,18,108,0.0,5.6399998664856,0.379999995231628,3.54999995231628,2016-04-13,15337,84.74373324006062,160.0,50.0
8877689391,2016-04-14,21129,18.9799995422363,18.9799995422363,0.0,10.5500001907349,0.589999973773956,7.75,0.0199999995529652,68,13,298,1061,3793,2016-04-14,3793,2016-04-14,1061,298,13,68,0.0199999995529652,7.75,0.589999973773956,10.5500001907349,2016-04-14,21129,85.32065217391305,169.0,50.0
8877689391,2016-04-15,13422,7.17000007629395,7.17000007629395,0.0,0.0500000007450581,0.0500000007450581,7.01000022888184,0.0099999997764825,106,1,281,1052,3934,2016-04-15,3934,2016-04-15,1052,281,1,106,0.0099999997764825,7.01000022888184,0.0500000007450581,0.0500000007450581,2016-04-15,13422,91.9323616955763,165.0,48.0
8877689391,2016-04-16,29326,25.2900009155273,25.2900009155273,0.0,13.2399997711182,1.21000003814697,10.710000038147,0.0,94,29,429,888,4547,2016-04-16,4547,2016-04-16,888,429,29,94,0.0,10.710000038147,1.21000003814697,13.2399997711182,2016-04-16,29326,92.05598386905469,172.0,54.0
8877689391,2016-04-17,15118,8.86999988555908,8.86999988555908,0.0,0.0,0.0700000002980232,8.78999996185303,0.0,58,15,307,1060,3545,2016-04-17,3545,2016-04-17,1060,307,15,58,0.0,8.78999996185303,0.0700000002980232,0.0,2016-04-17,15118,87.87448891091563,167.0,51.0
8877689391,2016-04-18,11423,8.67000007629395,8.67000007629395,0.0,2.44000005722046,0.270000010728836,5.94000005722046,0.0,29,5,191,1215,2761,2016-04-18,2761,2016-04-18,1215,191,5,29,0.0,5.94000005722046,0.270000010728836,2.44000005722046,2016-04-18,11423,66.03913176398655,139.0,48.0
8877689391,2016-04-19,18785,17.3999996185303,17.3999996185303,0.0,12.1499996185303,0.180000007152557,5.03000020980835,0.0,82,13,214,1131,3676,2016-04-19,3676,2016-04-19,1131,214,13,82,0.0,5.03000020980835,0.180000007152557,12.1499996185303,2016-04-19,18785,86.588675891837,178.0,49.0
8877689391,2016-04-20,19948,18.1100006103516,18.1100006103516,0.0,11.0200004577637,0.689999997615814,6.34000015258789,0.0,73,19,225,1123,3679,2016-04-20,3679,2016-04-20,1123,225,19,73,0.0,6.34000015258789,0.689999997615814,11.0200004577637,2016-04-20,19948,85.49429998719098,173.0,51.0
8877689391,2016-04-21,19377,17.6200008392334,17.6200008392334,0.0,12.289999961853,0.419999986886978,4.8899998664856,0.0,82,13,226,1119,3659,2016-04-21,3659,2016-04-21,1119,226,13,82,0.0,4.8899998664856,0.419999986886978,12.289999961853,2016-04-21,19377,87.1338696913743,170.0,53.0
8877689391,2016-04-22,18258,16.3099994659424,16.3099994659424,0.0,10.2299995422363,0.0299999993294477,5.96999979019165,0.0500000007450581,61,2,236,1141,3427,2016-04-22,3427,2016-04-22,1141,236,2,61,0.0500000007450581,5.96999979019165,0.0299999993294477,10.2299995422363,2016-04-22,18258,82.80519974635384,163.0,47.0
8877689391,2016-04-23,11200,7.42999982833862,7.42999982833862,0.0,0.0,0.0,7.40000009536743,0.0099999997764825,102,6,300,1032,3891,2016-04-23,3891,2016-04-23,1032,300,6,102,0.0099999997764825,7.40000009536743,0.0,0.0,2016-04-23,11200,93.94363143631436,165.0,53.0
8877689391,2016-04-24,16674,15.7399997711182,15.7399997711182,0.0,11.0100002288818,0.0099999997764825,4.69000005722046,0.0,64,1,227,1148,3455,2016-04-24,3455,2016-04-24,1148,227,1,64,0.0,4.69000005722046,0.0099999997764825,11.0100002288818,2016-04-24,16674,87.28239436619718,171.0,51.0
8877689391,2016-04-25,12986,8.73999977111816,8.73999977111816,0.0,2.36999988555908,0.0700000002980232,6.26999998092651,0.0099999997764825,113,8,218,1101,3802,2016-04-25,3802,2016-04-25,1101,218,8,113,0.0099999997764825,6.26999998092651,0.0700000002980232,2.36999988555908,2016-04-25,12986,89.80294243986255,176.0,49.0
8877689391,2016-04-26,11101,8.43000030517578,8.43000030517578,0.0,1.75999999046326,0.129999995231628,6.5,0.0,22,3,258,1157,2860,2016-04-26,2860,2016-04-26,1157,258,3,22,0.0,6.5,0.129999995231628,1.75999999046326,2016-04-26,11101,67.56028870648174,125.0,49.0
8877689391,2016-04-27,23629,20.6499996185303,20.6499996185303,0.0,13.0699996948242,0.439999997615814,7.09999990463257,0.0,93,8,235,1104,3808,2016-04-27,3808,2016-04-27,1104,235,8,93,0.0,7.09999990463257,0.439999997615814,13.0699996948242,2016-04-27,23629,84.78037792516581,163.0,46.0
8877689391,2016-04-28,14890,11.3000001907349,11.3000001907349,0.0,4.92999982833862,0.379999995231628,5.96999979019165,0.0,58,8,231,1143,3060,2016-04-28,3060,2016-04-28,1143,231,8,58,0.0,5.96999979019165,0.379999995231628,4.92999982833862,2016-04-28,14890,66.80925952972105,153.0,47.0
8877689391,2016-04-29,9733,7.3899998664856,7.3899998664856,0.0,1.37999999523163,0.170000001788139,5.78999996185303,0.0,18,5,210,1207,2698,2016-04-29,2698,2016-04-29,1207,210,5,18,0.0,5.78999996185303,0.170000001788139,1.37999999523163,2016-04-29,9733,64.45597935187841,131.0,47.0
8877689391,2016-04-30,27745,26.7199993133545,26.7199993133545,0.0,21.6599998474121,0.0799999982118607,4.92999982833862,0.0,124,4,223,1089,4398,2016-04-30,4398,2016-04-30,1089,223,4,124,0.0,4.92999982833862,0.0799999982118607,21.6599998474121,2016-04-30,27745,102.18001487726258,170.0,49.0
8877689391,2016-05-01,10930,8.31999969482422,8.31999969482422,0.0,3.13000011444092,0.569999992847443,4.57000017166138,0.0,36,12,166,1226,2786,2016-05-01,2786,2016-05-01,1226,166,12,36,0.0,4.57000017166138,0.569999992847443,3.13000011444092,2016-05-01,10930,70.71352164465986,145.0,48.0
8877689391,2016-05-02,4790,3.64000010490417,3.64000010490417,0.0,0.0,0.0,3.55999994277954,0.0,0,0,105,1335,2189,2016-05-02,2189,2016-05-02,1335,105,0,0,0.0,3.55999994277954,0.0,0.0,2016-05-02,4790,65.86236338797814,108.0,47.0
8877689391,2016-05-03,10818,8.21000003814697,8.21000003814697,0.0,1.38999998569489,0.100000001490116,6.67000007629395,0.0099999997764825,19,3,229,1189,2817,2016-05-03,2817,2016-05-03,1189,229,3,19,0.0099999997764825,6.67000007629395,0.100000001490116,1.38999998569489,2016-05-03,10818,67.47034908173279,150.0,48.0
8877689391,2016-05-04,18193,16.2999992370605,16.2999992370605,0.0,10.4200000762939,0.310000002384186,5.53000020980835,0.0,66,8,212,1154,3477,2016-05-04,3477,2016-05-04,1154,212,8,66,0.0,5.53000020980835,0.310000002384186,10.4200000762939,2016-05-04,18193,88.3719927687387,168.0,56.0
8877689391,2016-05-05,14055,10.6700000762939,10.6700000762939,0.0,5.46000003814697,0.819999992847443,4.36999988555908,0.0,67,15,188,1170,3052,2016-05-05,3052,2016-05-05,1170,188,15,67,0.0,4.36999988555908,0.819999992847443,5.46000003814697,2016-05-05,14055,72.85128036769534,142.0,53.0
8877689391,2016-05-06,21727,19.3400001525879,19.3400001525879,0.0,12.789999961853,0.28999999165535,6.15999984741211,0.0,96,17,232,1095,4015,2016-05-06,4015,2016-05-06,1095,232,17,96,0.0,6.15999984741211,0.28999999165535,12.789999961853,2016-05-06,21727,92.84012007308797,177.0,47.0
8877689391,2016-05-07,12332,8.13000011444092,8.13000011444092,0.0,0.0799999982118607,0.959999978542328,6.98999977111816,0.0,105,28,271,1036,4142,2016-05-07,4142,2016-05-07,1036,271,28,105,0.0,6.98999977111816,0.959999978542328,0.0799999982118607,2016-05-07,12332,100.99724106219105,166.0,56.0
8877689391,2016-05-08,10686,8.10999965667725,8.10999965667725,0.0,1.08000004291534,0.200000002980232,6.80000019073486,0.0,17,4,245,1174,2847,2016-05-08,2847,2016-05-08,1174,245,4,17,0.0,6.80000019073486,0.200000002980232,1.08000004291534,2016-05-08,10686,72.55052319225364,137.0,54.0
8877689391,2016-05-09,20226,18.25,18.25,0.0,11.1000003814697,0.800000011920929,6.23999977111816,0.0500000007450581,73,19,217,1131,3710,2016-05-09,3710,2016-05-09,1131,217,19,73,0.0500000007450581,6.23999977111816,0.800000011920929,11.1000003814697,2016-05-09,20226,89.61573830793483,176.0,51.0
8877689391,2016-05-10,10733,8.14999961853027,8.14999961853027,0.0,1.35000002384186,0.46000000834465,6.28000020980835,0.0,18,11,224,1187,2832,2016-05-10,2832,2016-05-10,1187,224,11,18,0.0,6.28000020980835,0.46000000834465,1.35000002384186,2016-05-10,10733,71.54437680230696,141.0,50.0
8877689391,2016-05-11,21420,19.5599994659424,19.5599994659424,0.0,13.2200002670288,0.409999996423721,5.8899998664856,0.0,88,12,213,1127,3832,2016-05-11,3832,2016-05-11,1127,213,12,88,0.0,5.8899998664856,0.409999996423721,13.2200002670288,2016-05-11,21420,89.14912169847086,180.0,48.0
8877689391,2016-05-12,8064,6.11999988555908,6.11999988555908,0.0,1.82000005245209,0.0399999991059303,4.25,0.0,23,1,137,770,1849,2016-05-12,1849,2016-05-12,770,137,1,23,0.0,4.25,0.0399999991059303,1.82000005245209,2016-05-12,8064,71.08743947593278,122.0,53.0
